[NX v22.7.5 Daemon Client] - 2026-06-07T06:29:51.314Z - [Client] Starting new daemon server in background
[NX v22.7.5 Daemon Client] - 2026-06-07T06:29:51.323Z - [Client] Waiting for server (max: 6000 attempts, 10ms interval)
[NX v22.7.5 Daemon Server] - 2026-06-07T06:29:51.770Z - New daemon starting from: C:\Users\toyos\Medicore-HMS\medicore-hms\node_modules\nx\dist\src\daemon\server\server.js
[NX v22.7.5 Daemon Server] - 2026-06-07T06:29:51.770Z - New daemon __dirname: C:\Users\toyos\Medicore-HMS\medicore-hms\node_modules\nx\dist\src\daemon\server
[NX v22.7.5 Daemon Server] - 2026-06-07T06:29:51.771Z - New daemon nxVersion: 22.7.5
[NX v22.7.5 Daemon Server] - 2026-06-07T06:29:51.772Z - New daemon getInstalledNxVersion(): 22.7.5
[NX v22.7.5 Daemon Server] - 2026-06-07T06:29:51.775Z - Time taken for 'workspace context init' 13.9529ms
[NX v22.7.5 Daemon Server] - 2026-06-07T06:29:51.779Z - [Server] Starting outdated check interval (20ms)
[NX v22.7.5 Daemon Server] - 2026-06-07T06:29:51.781Z - Started listening on: \\.\pipe\nx\C:\Users\toyos\AppData\Local\Temp\2b7decf1cd60bd9baba1\d.sock
[NX v22.7.5 Daemon Client] - 2026-06-07T06:29:51.794Z - [Client] Server available
[NX v22.7.5 Daemon Client] - 2026-06-07T06:29:51.795Z - [Client] Daemon server started, pid=7964
[NX v22.7.5 Daemon Client] - 2026-06-07T06:29:51.796Z - [Messenger] Setting up socket listeners
[NX v22.7.5 Daemon Client] - 2026-06-07T06:29:51.796Z - [Messenger] listen() complete
[NX v22.7.5 Daemon Server] - 2026-06-07T06:29:51.826Z - [WATCHER]: Subscribed to changes within: C:\Users\toyos\Medicore-HMS\medicore-hms (native)
[NX v22.7.5 Daemon Server] - 2026-06-07T06:29:51.827Z - [LATEST-NX]: Pulling latest Nx...
[NX v22.7.5 Daemon Server] - 2026-06-07T06:29:51.843Z - [AI-AGENTS]: Starting agent configuration status computation
[NX v22.7.5 Daemon Server] - 2026-06-07T06:29:51.848Z - Established a connection. Number of open connections: 1
[NX v22.7.5 Daemon Server] - 2026-06-07T06:29:51.848Z - Established a connection. Number of open connections: 2
[NX v22.7.5 Daemon Server] - 2026-06-07T06:29:51.851Z - Closed a connection. Number of open connections: 1
[isolated-plugin] spawned worker for "C:\Users\toyos\Medicore-HMS\medicore-hms\node_modules\nx\dist\src\plugins\js" (pid: 11292, socket: \\.\pipe\nx\C:\Users\toyos\AppData\Local\Temp\plugin7964-0-611.7529.sock)
[isolated-plugin] spawned worker for "C:\Users\toyos\Medicore-HMS\medicore-hms\node_modules\nx\dist\src\plugins\package-json" (pid: 12664, socket: \\.\pipe\nx\C:\Users\toyos\AppData\Local\Temp\plugin7964-1-620.7077.sock)
[isolated-plugin] spawned worker for "C:\Users\toyos\Medicore-HMS\medicore-hms\node_modules\nx\dist\src\plugins\project-json\build-nodes\project-json" (pid: 14996, socket: \\.\pipe\nx\C:\Users\toyos\AppData\Local\Temp\plugin7964-2-629.4379.sock)
[NX v22.7.5 Daemon Server] - 2026-06-07T06:29:51.973Z - Time taken for 'loadSpecifiedNxPlugins' 27.600099999999998ms
[NX v22.7.5 Daemon Client] - 2026-06-07T06:29:52.282Z - [Messenger] Sending message type: REQUEST_PROJECT_GRAPH
[NX v22.7.5 Daemon Client] - 2026-06-07T06:29:52.283Z - [Messenger] Message sent
[plugin-worker] "C:\Users\toyos\Medicore-HMS\medicore-hms\node_modules\nx\dist\src\plugins\js" (pid: 11292) listening on \\.\pipe\nx\C:\Users\toyos\AppData\Local\Temp\plugin7964-0-611.7529.sock
[1m[33mTime taken for 'plugin worker 11292 code loading' 256.98249999999996ms[39m[22m
[plugin-worker] "C:\Users\toyos\Medicore-HMS\medicore-hms\node_modules\nx\dist\src\plugins\package-json" (pid: 12664) listening on \\.\pipe\nx\C:\Users\toyos\AppData\Local\Temp\plugin7964-1-620.7077.sock
[NX v22.7.5 Daemon Server] - 2026-06-07T06:29:52.287Z - Received raw message of length 4834
[NX v22.7.5 Daemon Server] - 2026-06-07T06:29:52.287Z - Received json message of type REQUEST_PROJECT_GRAPH
[NX v22.7.5 Daemon Server] - 2026-06-07T06:29:52.288Z - [REQUEST]: Client Request for Project Graph Received
[isolated-plugin] connected to worker for "C:\Users\toyos\Medicore-HMS\medicore-hms\node_modules\nx\dist\src\plugins\js" (pid: 11292)
[isolated-plugin] connected to worker for "C:\Users\toyos\Medicore-HMS\medicore-hms\node_modules\nx\dist\src\plugins\package-json" (pid: 12664)
[1m[33mTime taken for 'plugin worker 12664 code loading' 262.0874ms[39m[22m
[plugin-worker] "C:\Users\toyos\Medicore-HMS\medicore-hms\node_modules\nx\dist\src\plugins\package-json" (pid: 12664) connected
[plugin-worker] "C:\Users\toyos\Medicore-HMS\medicore-hms\node_modules\nx\dist\src\plugins\js" (pid: 11292) connected
[NX v22.7.5 Daemon Server] - 2026-06-07T06:29:52.294Z - Time taken for 'start-plugin-worker:C:\Users\toyos\Medicore-HMS\medicore-hms\node_modules\nx\dist\src\plugins\js' 347.75520000000006ms
[NX v22.7.5 Daemon Server] - 2026-06-07T06:29:52.294Z - Time taken for 'start-plugin-worker:C:\Users\toyos\Medicore-HMS\medicore-hms\node_modules\nx\dist\src\plugins\package-json' 340.7420000000001ms
[plugin-worker] "C:\Users\toyos\Medicore-HMS\medicore-hms\node_modules\nx\dist\src\plugins\project-json\build-nodes\project-json" (pid: 14996) listening on \\.\pipe\nx\C:\Users\toyos\AppData\Local\Temp\plugin7964-2-629.4379.sock
[1m[33mTime taken for 'plugin worker 14996 code loading' 254.45519999999996ms[39m[22m
[isolated-plugin] connected to worker for "C:\Users\toyos\Medicore-HMS\medicore-hms\node_modules\nx\dist\src\plugins\project-json\build-nodes\project-json" (pid: 14996)
[NX v22.7.5 Daemon Server] - 2026-06-07T06:29:52.302Z - Time taken for 'start-plugin-worker:C:\Users\toyos\Medicore-HMS\medicore-hms\node_modules\nx\dist\src\plugins\project-json\build-nodes\project-json' 340.1875ms
[plugin-worker] "C:\Users\toyos\Medicore-HMS\medicore-hms\node_modules\nx\dist\src\plugins\project-json\build-nodes\project-json" (pid: 14996) connected
[plugin-worker] "C:\Users\toyos\Medicore-HMS\medicore-hms\node_modules\nx\dist\src\plugins\project-json\build-nodes\project-json" (pid: 14996) loaded successfully
[NX v22.7.5 Daemon Server] - 2026-06-07T06:29:52.482Z - Time taken for 'Load Nx Plugin: C:\Users\toyos\Medicore-HMS\medicore-hms\node_modules\nx\dist\src\plugins\project-json\build-nodes\project-json' 540.2603ms
[plugin-worker] "C:\Users\toyos\Medicore-HMS\medicore-hms\node_modules\nx\dist\src\plugins\package-json" (pid: 12664) loaded successfully
[NX v22.7.5 Daemon Server] - 2026-06-07T06:29:52.494Z - Time taken for 'Load Nx Plugin: C:\Users\toyos\Medicore-HMS\medicore-hms\node_modules\nx\dist\src\plugins\package-json' 554.7144ms
[plugin-worker] "C:\Users\toyos\Medicore-HMS\medicore-hms\node_modules\nx\dist\src\plugins\js" (pid: 11292) loaded successfully
[NX v22.7.5 Daemon Server] - 2026-06-07T06:29:52.617Z - [REQUEST]: Updated workspace context based on watched changes, recomputing project graph...
[NX v22.7.5 Daemon Server] - 2026-06-07T06:29:52.617Z - [REQUEST]: 
[NX v22.7.5 Daemon Server] - 2026-06-07T06:29:52.617Z - [REQUEST]: 
[NX v22.7.5 Daemon Server] - 2026-06-07T06:29:52.621Z - Reusing in-memory cached project graph because no files changed.
[NX v22.7.5 Daemon Server] - 2026-06-07T06:29:52.623Z - Streaming message to client: progress update for topic graph-construction
[NX v22.7.5 Daemon Client] - 2026-06-07T06:29:52.627Z - [Messenger] Received message, length: 47
[NX v22.7.5 Daemon Server] - 2026-06-07T06:29:52.646Z - Time taken for 'loadDefaultNxPlugins' 680.4285000000001ms
[NX v22.7.5 Daemon Server] - 2026-06-07T06:29:52.646Z - Time taken for 'Load Nx Plugin: C:\Users\toyos\Medicore-HMS\medicore-hms\node_modules\nx\dist\src\plugins\js' 679.9013ms
[NX v22.7.5 Daemon Server] - 2026-06-07T06:29:52.646Z - Time taken for 'hash changed files from watcher' 2.910899999999856ms
[1m[33mTime taken for 'nx/core/project-json:createNodes' 2.7368000000000166ms[39m[22m
[1m[33mTime taken for 'nx/core/package-json:createNodes' 4.764400000000023ms[39m[22m
[isolated-plugin] shutting down worker for "nx/core/project-json" after createNodes
[NX v22.7.5 Daemon Server] - 2026-06-07T06:29:52.664Z - Streaming message to client: progress update for topic graph-construction
[isolated-plugin] shutting down worker for "nx/core/package-json" after createNodes
[NX v22.7.5 Daemon Client] - 2026-06-07T06:29:52.668Z - [Messenger] Received message, length: 153
[NX v22.7.5 Daemon Server] - 2026-06-07T06:29:52.665Z - Streaming message to client: progress update for topic graph-construction
[NX v22.7.5 Daemon Client] - 2026-06-07T06:29:52.669Z - [Messenger] Received message, length: 112
[1m[33mTime taken for 'nx/js/dependencies-and-lockfile:createNodes' 59.17560000000003ms[39m[22m
[NX v22.7.5 Daemon Server] - 2026-06-07T06:29:52.726Z - Streaming message to client: progress update for topic graph-construction
[NX v22.7.5 Daemon Client] - 2026-06-07T06:29:52.730Z - [Messenger] Received message, length: 47
[NX v22.7.5 Daemon Server] - 2026-06-07T06:29:52.814Z - Streaming message to client: progress update for topic graph-construction
[NX v22.7.5 Daemon Server] - 2026-06-07T06:29:52.824Z - Time taken for 'build-project-configs' 132.13290000000006ms
[NX v22.7.5 Daemon Server] - 2026-06-07T06:29:52.824Z - Time taken for 'createNodes:merge' 26.409200000000055ms
[NX v22.7.5 Daemon Server] - 2026-06-07T06:29:52.824Z - Time taken for 'native-file-deps' 0.018600000000105865ms
[NX v22.7.5 Daemon Server] - 2026-06-07T06:29:52.824Z - Time taken for 'get-workspace-files' 2.4298999999998614ms
[NX v22.7.5 Daemon Server] - 2026-06-07T06:29:52.824Z - Time taken for 'get-all-workspace-files' 28.748000000000047ms
[NX v22.7.5 Daemon Server] - 2026-06-07T06:29:52.825Z - Time taken for 'read cache' 2.5627999999999247ms
[NX v22.7.5 Daemon Client] - 2026-06-07T06:29:52.833Z - [Messenger] Received message, length: 47
[1m[33mTime taken for 'build typescript dependencies' 591.8678000000001ms[39m[22m
[isolated-plugin] shutting down worker for "nx/js/dependencies-and-lockfile" after createDependencies
[NX v22.7.5 Daemon Server] - 2026-06-07T06:29:53.578Z - Streaming message to client: progress update for topic graph-construction
[NX v22.7.5 Daemon Client] - 2026-06-07T06:29:53.583Z - [Messenger] Received message, length: 47
[NX v22.7.5 Daemon Server] - 2026-06-07T06:29:53.617Z - [SYNC]: collect registered sync generators
[NX v22.7.5 Daemon Server] - 2026-06-07T06:29:53.643Z - Wrote project graph cache to C:\Users\toyos\Medicore-HMS\medicore-hms\.nx\workspace-data\project-graph.json
[NX v22.7.5 Daemon Server] - 2026-06-07T06:29:53.644Z - Serializing response for REQUEST_PROJECT_GRAPH message in json mode
[NX v22.7.5 Daemon Server] - 2026-06-07T06:29:53.644Z - Responding to REQUEST_PROJECT_GRAPH message
[NX v22.7.5 Daemon Server] - 2026-06-07T06:29:53.644Z - [REQUEST]: Responding to the client. project-graph
[NX v22.7.5 Daemon Server] - 2026-06-07T06:29:53.646Z - Time taken for 'total for creating and serializing project graph' 1355.7983ms
[NX v22.7.5 Daemon Server] - 2026-06-07T06:29:53.646Z - Time taken for 'total execution time for createProjectGraph()' 817.3655000000001ms
[NX v22.7.5 Daemon Server] - 2026-06-07T06:29:53.646Z - Time taken for 'createDependencies' 788.8015ms
[NX v22.7.5 Daemon Server] - 2026-06-07T06:29:53.646Z - Time taken for 'nx/js/dependencies-and-lockfile:createDependencies' 787.5550000000001ms
[NX v22.7.5 Daemon Server] - 2026-06-07T06:29:53.646Z - Time taken for 'createMetadata' 0.10640000000012151ms
[NX v22.7.5 Daemon Server] - 2026-06-07T06:29:53.646Z - Time taken for 'serialize graph' 10.940999999999804ms
[NX v22.7.5 Daemon Server] - 2026-06-07T06:29:53.646Z - Time taken for 'write cache' 23.467099999999846ms
[NX v22.7.5 Daemon Client] - 2026-06-07T06:29:53.662Z - [Messenger] Received message, length: 619731
[NX v22.7.5 Daemon Server] - 2026-06-07T06:29:53.660Z - Done responding to the client project-graph
[NX v22.7.5 Daemon Server] - 2026-06-07T06:29:53.660Z - Handled json message REQUEST_PROJECT_GRAPH. Handling time: 1356. Response time: 16.
[NX v22.7.5 Daemon Server] - 2026-06-07T06:29:53.851Z - Closed a connection. Number of open connections: 0
Fetching nx...
[NX v22.7.5 Daemon Server] - 2026-06-07T06:30:09.021Z - Established a connection. Number of open connections: 1
[NX v22.7.5 Daemon Server] - 2026-06-07T06:30:09.028Z - Closed a connection. Number of open connections: 0
[NX v22.7.5 Daemon Server] - 2026-06-07T06:30:09.029Z - Established a connection. Number of open connections: 1
[NX v22.7.5 Daemon Server] - 2026-06-07T06:30:09.030Z - Closed a connection. Number of open connections: 0
[NX v22.7.5 Daemon Server] - 2026-06-07T06:30:09.031Z - Established a connection. Number of open connections: 1
[NX v22.7.5 Daemon Client] - 2026-06-07T06:30:09.040Z - [Messenger] Setting up socket listeners
[NX v22.7.5 Daemon Client] - 2026-06-07T06:30:09.043Z - [Messenger] listen() complete
[NX v22.7.5 Daemon Client] - 2026-06-07T06:30:09.732Z - [Messenger] Sending message type: GET_NX_CONSOLE_STATUS
[NX v22.7.5 Daemon Client] - 2026-06-07T06:30:09.735Z - [Messenger] Message sent
[NX v22.7.5 Daemon Server] - 2026-06-07T06:30:09.743Z - Received raw message of length 4834
[NX v22.7.5 Daemon Server] - 2026-06-07T06:30:09.743Z - Received json message of type GET_NX_CONSOLE_STATUS
[NX v22.7.5 Daemon Server] - 2026-06-07T06:30:09.747Z - Serializing response for GET_NX_CONSOLE_STATUS message in json mode
[NX v22.7.5 Daemon Server] - 2026-06-07T06:30:09.747Z - Responding to GET_NX_CONSOLE_STATUS message
[NX v22.7.5 Daemon Server] - 2026-06-07T06:30:09.747Z - [REQUEST]: Responding to the client. handleGetNxConsoleStatus
[NX v22.7.5 Daemon Server] - 2026-06-07T06:30:09.752Z - Done responding to the client handleGetNxConsoleStatus
[NX v22.7.5 Daemon Server] - 2026-06-07T06:30:09.753Z - Handled json message GET_NX_CONSOLE_STATUS. Handling time: 0. Response time: 6.
[NX v22.7.5 Daemon Client] - 2026-06-07T06:30:09.763Z - [Messenger] Received message, length: 22
[NX v22.7.5 Daemon Client] - 2026-06-07T06:30:09.867Z - [Messenger] Sending message type: REQUEST_PROJECT_GRAPH
[NX v22.7.5 Daemon Client] - 2026-06-07T06:30:09.868Z - [Messenger] Message sent
[NX v22.7.5 Daemon Server] - 2026-06-07T06:30:09.863Z - Received raw message of length 32
[NX v22.7.5 Daemon Server] - 2026-06-07T06:30:09.863Z - Received json message of type REQUEST_PROJECT_GRAPH
[NX v22.7.5 Daemon Server] - 2026-06-07T06:30:09.863Z - [REQUEST]: Client Request for Project Graph Received
[NX v22.7.5 Daemon Server] - 2026-06-07T06:30:09.864Z - Reusing in-memory cached project graph because no files changed.
[NX v22.7.5 Daemon Server] - 2026-06-07T06:30:09.865Z - Serializing response for REQUEST_PROJECT_GRAPH message in json mode
[NX v22.7.5 Daemon Server] - 2026-06-07T06:30:09.865Z - Responding to REQUEST_PROJECT_GRAPH message
[NX v22.7.5 Daemon Server] - 2026-06-07T06:30:09.865Z - [REQUEST]: Responding to the client. project-graph
[NX v22.7.5 Daemon Server] - 2026-06-07T06:30:09.868Z - Time taken for 'total for creating and serializing project graph' 1.1964999999981956ms
[NX v22.7.5 Daemon Server] - 2026-06-07T06:30:09.870Z - Done responding to the client project-graph
[NX v22.7.5 Daemon Server] - 2026-06-07T06:30:09.870Z - Handled json message REQUEST_PROJECT_GRAPH. Handling time: 2. Response time: 5.
[NX v22.7.5 Daemon Client] - 2026-06-07T06:30:09.879Z - [Messenger] Received message, length: 619731
[NX v22.7.5 Daemon Server] - 2026-06-07T06:30:10.090Z - Closed a connection. Number of open connections: 0
[NX v22.7.5 Daemon Server] - 2026-06-07T06:30:13.762Z - [LATEST-NX]: Successfully pulled latest Nx to C:\Users\toyos\AppData\Local\Temp\tmp-7964-zspDbmwjPi0P
[NX v22.7.5 Daemon Server] - 2026-06-07T06:30:13.769Z - [NX-CONSOLE]: Using local implementation (NX_USE_LOCAL=true or inner call)
DEBUG nx::native::ide::preferences: Loaded console preferences: NxConsolePreferences { auto_install_console: Some(true), path: "C:\\Users\\toyos\\.nx\\ide.json" }
DEBUG nx::native::ide::install: Detected editor: VSCode
DEBUG nx::native::ide::install: Checking if Nx Console extension is installed with: code.cmd --list-extensions
[NX v22.7.5 Daemon Server] - 2026-06-07T06:30:13.779Z - [AI-AGENTS]: Failed to compute agent configuration status from latest Nx. Error: Only URLs with a scheme in: file, data, and node are supported by the default ESM loader. On Windows, absolute paths must be valid file:// URLs. Received protocol 'c:'
[NX v22.7.5 Daemon Server] - 2026-06-07T06:30:13.779Z - [AI-AGENTS]: Agent configuration status computation completed: 0 fully configured, 0 outdated, 0 partially configured, 0 non-configured
DEBUG nx::native::ide::install: Nx Console extension is installed
[NX v22.7.5 Daemon Server] - 2026-06-07T06:30:14.352Z - [NX-CONSOLE]: Console status check completed, shouldPrompt: false
[NX v22.7.5 Daemon Client] - 2026-06-07T06:51:29.137Z - [Client] Starting new daemon server in background
[NX v22.7.5 Daemon Client] - 2026-06-07T06:51:29.148Z - [Client] Waiting for server (max: 6000 attempts, 10ms interval)
[NX v22.7.5 Daemon Server] - 2026-06-07T06:51:29.925Z - New daemon starting from: C:\Users\toyos\Medicore-HMS\medicore-hms\node_modules\nx\dist\src\daemon\server\server.js
[NX v22.7.5 Daemon Server] - 2026-06-07T06:51:29.928Z - New daemon __dirname: C:\Users\toyos\Medicore-HMS\medicore-hms\node_modules\nx\dist\src\daemon\server
[NX v22.7.5 Daemon Server] - 2026-06-07T06:51:29.928Z - New daemon nxVersion: 22.7.5
[NX v22.7.5 Daemon Server] - 2026-06-07T06:51:29.931Z - New daemon getInstalledNxVersion(): 22.7.5
[NX v22.7.5 Daemon Server] - 2026-06-07T06:51:29.943Z - Time taken for 'workspace context init' 3.675999999999931ms
[NX v22.7.5 Daemon Server] - 2026-06-07T06:51:29.959Z - [Server] Starting outdated check interval (20ms)
[NX v22.7.5 Daemon Server] - 2026-06-07T06:51:29.963Z - Started listening on: \\.\pipe\nx\C:\Users\toyos\AppData\Local\Temp\97f8873dd869c592ed41\d.sock
[NX v22.7.5 Daemon Client] - 2026-06-07T06:51:29.967Z - [Client] Server available
[NX v22.7.5 Daemon Client] - 2026-06-07T06:51:29.968Z - [Client] Daemon server started, pid=23780
[NX v22.7.5 Daemon Server] - 2026-06-07T06:51:29.969Z - [WATCHER]: Subscribed to changes within: C:\Users\toyos\Medicore-HMS\medicore-hms (native)
[NX v22.7.5 Daemon Client] - 2026-06-07T06:51:29.970Z - [Messenger] Setting up socket listeners
[NX v22.7.5 Daemon Client] - 2026-06-07T06:51:29.971Z - [Messenger] listen() complete
[NX v22.7.5 Daemon Server] - 2026-06-07T06:51:29.972Z - [LATEST-NX]: Pulling latest Nx...
[NX v22.7.5 Daemon Server] - 2026-06-07T06:51:30.002Z - [AI-AGENTS]: Starting agent configuration status computation
[NX v22.7.5 Daemon Server] - 2026-06-07T06:51:30.008Z - Established a connection. Number of open connections: 1
[NX v22.7.5 Daemon Server] - 2026-06-07T06:51:30.009Z - Established a connection. Number of open connections: 2
[NX v22.7.5 Daemon Server] - 2026-06-07T06:51:30.015Z - Closed a connection. Number of open connections: 1
[isolated-plugin] spawned worker for "C:\Users\toyos\Medicore-HMS\medicore-hms\node_modules\nx\dist\src\plugins\js" (pid: 24380, socket: \\.\pipe\nx\C:\Users\toyos\AppData\Local\Temp\plugin23780-0-925.269.sock)
[isolated-plugin] spawned worker for "C:\Users\toyos\Medicore-HMS\medicore-hms\node_modules\nx\dist\src\plugins\package-json" (pid: 21412, socket: \\.\pipe\nx\C:\Users\toyos\AppData\Local\Temp\plugin23780-1-939.5176.sock)
[isolated-plugin] spawned worker for "C:\Users\toyos\Medicore-HMS\medicore-hms\node_modules\nx\dist\src\plugins\project-json\build-nodes\project-json" (pid: 21040, socket: \\.\pipe\nx\C:\Users\toyos\AppData\Local\Temp\plugin23780-2-951.994.sock)
[NX v22.7.5 Daemon Server] - 2026-06-07T06:51:30.124Z - Time taken for 'loadSpecifiedNxPlugins' 37.1028ms
[plugin-worker] "C:\Users\toyos\Medicore-HMS\medicore-hms\node_modules\nx\dist\src\plugins\package-json" (pid: 21412) listening on \\.\pipe\nx\C:\Users\toyos\AppData\Local\Temp\plugin23780-1-939.5176.sock
[plugin-worker] "C:\Users\toyos\Medicore-HMS\medicore-hms\node_modules\nx\dist\src\plugins\js" (pid: 24380) listening on \\.\pipe\nx\C:\Users\toyos\AppData\Local\Temp\plugin23780-0-925.269.sock
[1m[33mTime taken for 'plugin worker 21412 code loading' 307.33250000000004ms[39m[22m
[1m[33mTime taken for 'plugin worker 24380 code loading' 322.8764ms[39m[22m
[isolated-plugin] connected to worker for "C:\Users\toyos\Medicore-HMS\medicore-hms\node_modules\nx\dist\src\plugins\js" (pid: 24380)
[isolated-plugin] connected to worker for "C:\Users\toyos\Medicore-HMS\medicore-hms\node_modules\nx\dist\src\plugins\package-json" (pid: 21412)
[plugin-worker] "C:\Users\toyos\Medicore-HMS\medicore-hms\node_modules\nx\dist\src\plugins\package-json" (pid: 21412) connected
[plugin-worker] "C:\Users\toyos\Medicore-HMS\medicore-hms\node_modules\nx\dist\src\plugins\js" (pid: 24380) connected
[NX v22.7.5 Daemon Server] - 2026-06-07T06:51:30.529Z - Time taken for 'start-plugin-worker:C:\Users\toyos\Medicore-HMS\medicore-hms\node_modules\nx\dist\src\plugins\js' 430.0560999999999ms
[NX v22.7.5 Daemon Server] - 2026-06-07T06:51:30.529Z - Time taken for 'start-plugin-worker:C:\Users\toyos\Medicore-HMS\medicore-hms\node_modules\nx\dist\src\plugins\package-json' 421.0150000000001ms
[isolated-plugin] connected to worker for "C:\Users\toyos\Medicore-HMS\medicore-hms\node_modules\nx\dist\src\plugins\project-json\build-nodes\project-json" (pid: 21040)
[plugin-worker] "C:\Users\toyos\Medicore-HMS\medicore-hms\node_modules\nx\dist\src\plugins\project-json\build-nodes\project-json" (pid: 21040) listening on \\.\pipe\nx\C:\Users\toyos\AppData\Local\Temp\plugin23780-2-951.994.sock
[NX v22.7.5 Daemon Server] - 2026-06-07T06:51:30.565Z - Time taken for 'start-plugin-worker:C:\Users\toyos\Medicore-HMS\medicore-hms\node_modules\nx\dist\src\plugins\project-json\build-nodes\project-json' 448.49450000000013ms
[plugin-worker] "C:\Users\toyos\Medicore-HMS\medicore-hms\node_modules\nx\dist\src\plugins\project-json\build-nodes\project-json" (pid: 21040) connected
[1m[33mTime taken for 'plugin worker 21040 code loading' 366.3165ms[39m[22m
[NX v22.7.5 Daemon Client] - 2026-06-07T06:51:30.814Z - [Messenger] Sending message type: REQUEST_PROJECT_GRAPH
[NX v22.7.5 Daemon Client] - 2026-06-07T06:51:30.816Z - [Messenger] Message sent
[NX v22.7.5 Daemon Server] - 2026-06-07T06:51:30.827Z - Received raw message of length 5419
[NX v22.7.5 Daemon Server] - 2026-06-07T06:51:30.830Z - Received json message of type REQUEST_PROJECT_GRAPH
[NX v22.7.5 Daemon Server] - 2026-06-07T06:51:30.831Z - [REQUEST]: Client Request for Project Graph Received
[plugin-worker] "C:\Users\toyos\Medicore-HMS\medicore-hms\node_modules\nx\dist\src\plugins\package-json" (pid: 21412) loaded successfully
[NX v22.7.5 Daemon Server] - 2026-06-07T06:51:31.005Z - Time taken for 'Load Nx Plugin: C:\Users\toyos\Medicore-HMS\medicore-hms\node_modules\nx\dist\src\plugins\package-json' 922.5468ms
[plugin-worker] "C:\Users\toyos\Medicore-HMS\medicore-hms\node_modules\nx\dist\src\plugins\project-json\build-nodes\project-json" (pid: 21040) loaded successfully
[NX v22.7.5 Daemon Server] - 2026-06-07T06:51:31.044Z - Time taken for 'Load Nx Plugin: C:\Users\toyos\Medicore-HMS\medicore-hms\node_modules\nx\dist\src\plugins\project-json\build-nodes\project-json' 959.5172ms
[plugin-worker] "C:\Users\toyos\Medicore-HMS\medicore-hms\node_modules\nx\dist\src\plugins\js" (pid: 24380) loaded successfully
[NX v22.7.5 Daemon Server] - 2026-06-07T06:51:31.152Z - [REQUEST]: Updated workspace context based on watched changes, recomputing project graph...
[NX v22.7.5 Daemon Server] - 2026-06-07T06:51:31.152Z - [REQUEST]: 
[NX v22.7.5 Daemon Server] - 2026-06-07T06:51:31.152Z - [REQUEST]: 
[NX v22.7.5 Daemon Server] - 2026-06-07T06:51:31.161Z - Reusing in-memory cached project graph because no files changed.
[NX v22.7.5 Daemon Server] - 2026-06-07T06:51:31.163Z - Streaming message to client: progress update for topic graph-construction
[NX v22.7.5 Daemon Client] - 2026-06-07T06:51:31.165Z - [Messenger] Received message, length: 47
[NX v22.7.5 Daemon Server] - 2026-06-07T06:51:31.184Z - Time taken for 'loadDefaultNxPlugins' 1066.5673000000002ms
[NX v22.7.5 Daemon Server] - 2026-06-07T06:51:31.184Z - Time taken for 'Load Nx Plugin: C:\Users\toyos\Medicore-HMS\medicore-hms\node_modules\nx\dist\src\plugins\js' 1066.185ms
[NX v22.7.5 Daemon Server] - 2026-06-07T06:51:31.184Z - Time taken for 'hash changed files from watcher' 5.255999999999858ms
[1m[33mTime taken for 'nx/core/project-json:createNodes' 2.478800000000092ms[39m[22m
[1m[33mTime taken for 'nx/core/package-json:createNodes' 3.147000000000162ms[39m[22m
[isolated-plugin] shutting down worker for "nx/core/package-json" after createNodes
[NX v22.7.5 Daemon Server] - 2026-06-07T06:51:31.202Z - Streaming message to client: progress update for topic graph-construction
[isolated-plugin] shutting down worker for "nx/core/project-json" after createNodes
[NX v22.7.5 Daemon Client] - 2026-06-07T06:51:31.203Z - [Messenger] Received message, length: 153
[NX v22.7.5 Daemon Server] - 2026-06-07T06:51:31.204Z - Streaming message to client: progress update for topic graph-construction
[NX v22.7.5 Daemon Client] - 2026-06-07T06:51:31.206Z - [Messenger] Received message, length: 112
[1m[33mTime taken for 'nx/js/dependencies-and-lockfile:createNodes' 79.20579999999995ms[39m[22m
[NX v22.7.5 Daemon Server] - 2026-06-07T06:51:31.288Z - Streaming message to client: progress update for topic graph-construction
[NX v22.7.5 Daemon Client] - 2026-06-07T06:51:31.289Z - [Messenger] Received message, length: 47
[NX v22.7.5 Daemon Server] - 2026-06-07T06:51:31.418Z - Streaming message to client: progress update for topic graph-construction
[NX v22.7.5 Daemon Server] - 2026-06-07T06:51:31.429Z - Time taken for 'build-project-configs' 161.25229999999988ms
[NX v22.7.5 Daemon Server] - 2026-06-07T06:51:31.430Z - Time taken for 'createNodes:merge' 33.332400000000234ms
[NX v22.7.5 Daemon Server] - 2026-06-07T06:51:31.430Z - Time taken for 'native-file-deps' 0.032299999999850115ms
[NX v22.7.5 Daemon Server] - 2026-06-07T06:51:31.430Z - Time taken for 'get-workspace-files' 6.977399999999761ms
[NX v22.7.5 Daemon Server] - 2026-06-07T06:51:31.430Z - Time taken for 'get-all-workspace-files' 47.24299999999994ms
[NX v22.7.5 Daemon Server] - 2026-06-07T06:51:31.430Z - Time taken for 'read cache' 3.102600000000166ms
[NX v22.7.5 Daemon Client] - 2026-06-07T06:51:31.436Z - [Messenger] Received message, length: 47
[1m[33mTime taken for 'build typescript dependencies' 0.554300000000012ms[39m[22m
[isolated-plugin] shutting down worker for "nx/js/dependencies-and-lockfile" after createDependencies
[NX v22.7.5 Daemon Server] - 2026-06-07T06:51:31.663Z - Streaming message to client: progress update for topic graph-construction
[NX v22.7.5 Daemon Client] - 2026-06-07T06:51:31.664Z - [Messenger] Received message, length: 47
[NX v22.7.5 Daemon Server] - 2026-06-07T06:51:31.685Z - [SYNC]: collect registered sync generators
[NX v22.7.5 Daemon Server] - 2026-06-07T06:51:31.729Z - Wrote project graph cache to C:\Users\toyos\Medicore-HMS\medicore-hms\.nx\workspace-data\project-graph.json
[NX v22.7.5 Daemon Server] - 2026-06-07T06:51:31.731Z - Serializing response for REQUEST_PROJECT_GRAPH message in json mode
[NX v22.7.5 Daemon Server] - 2026-06-07T06:51:31.731Z - Responding to REQUEST_PROJECT_GRAPH message
[NX v22.7.5 Daemon Server] - 2026-06-07T06:51:31.731Z - [REQUEST]: Responding to the client. project-graph
[NX v22.7.5 Daemon Server] - 2026-06-07T06:51:31.733Z - Time taken for 'total for creating and serializing project graph' 899.4251999999999ms
[NX v22.7.5 Daemon Server] - 2026-06-07T06:51:31.733Z - Time taken for 'total execution time for createProjectGraph()' 292.68470000000025ms
[NX v22.7.5 Daemon Server] - 2026-06-07T06:51:31.733Z - Time taken for 'createDependencies' 254.4987000000001ms
[NX v22.7.5 Daemon Server] - 2026-06-07T06:51:31.733Z - Time taken for 'nx/js/dependencies-and-lockfile:createDependencies' 253.41859999999997ms
[NX v22.7.5 Daemon Server] - 2026-06-07T06:51:31.734Z - Time taken for 'createMetadata' 0.10080000000016298ms
[NX v22.7.5 Daemon Server] - 2026-06-07T06:51:31.734Z - Time taken for 'serialize graph' 11.230799999999817ms
[NX v22.7.5 Daemon Server] - 2026-06-07T06:51:31.734Z - Time taken for 'write cache' 39.34990000000016ms
[NX v22.7.5 Daemon Server] - 2026-06-07T06:51:31.746Z - Done responding to the client project-graph
[NX v22.7.5 Daemon Server] - 2026-06-07T06:51:31.746Z - Handled json message REQUEST_PROJECT_GRAPH. Handling time: 899. Response time: 16.
[NX v22.7.5 Daemon Client] - 2026-06-07T06:51:31.748Z - [Messenger] Received message, length: 619597
[NX v22.7.5 Daemon Server] - 2026-06-07T06:51:33.311Z - Closed a connection. Number of open connections: 0
Fetching nx...
[NX v22.7.5 Daemon Server] - 2026-06-07T06:51:35.034Z - Established a connection. Number of open connections: 1
[NX v22.7.5 Daemon Server] - 2026-06-07T06:51:35.038Z - Established a connection. Number of open connections: 2
[NX v22.7.5 Daemon Server] - 2026-06-07T06:51:35.038Z - Established a connection. Number of open connections: 3
[NX v22.7.5 Daemon Client] - 2026-06-07T06:51:35.037Z - [Messenger] Setting up socket listeners
[NX v22.7.5 Daemon Server] - 2026-06-07T06:51:35.039Z - Closed a connection. Number of open connections: 2
[NX v22.7.5 Daemon Server] - 2026-06-07T06:51:35.039Z - Closed a connection. Number of open connections: 1
[NX v22.7.5 Daemon Client] - 2026-06-07T06:51:35.039Z - [Messenger] listen() complete
[NX v22.7.5 Daemon Client] - 2026-06-07T06:51:35.402Z - [Messenger] Sending message type: GET_NX_CONSOLE_STATUS
[NX v22.7.5 Daemon Client] - 2026-06-07T06:51:35.403Z - [Messenger] Message sent
[NX v22.7.5 Daemon Server] - 2026-06-07T06:51:35.407Z - Received raw message of length 4629
[NX v22.7.5 Daemon Server] - 2026-06-07T06:51:35.407Z - Received json message of type GET_NX_CONSOLE_STATUS
[NX v22.7.5 Daemon Server] - 2026-06-07T06:51:35.408Z - Refreshing env var Path from client connection.
[NX v22.7.5 Daemon Server] - 2026-06-07T06:51:35.408Z - Graph recompute necessary due to env variable refresh
[NX v22.7.5 Daemon Server] - 2026-06-07T06:51:35.409Z - Serializing response for GET_NX_CONSOLE_STATUS message in json mode
[NX v22.7.5 Daemon Server] - 2026-06-07T06:51:35.410Z - Responding to GET_NX_CONSOLE_STATUS message
[NX v22.7.5 Daemon Server] - 2026-06-07T06:51:35.410Z - [REQUEST]: Responding to the client. handleGetNxConsoleStatus
[NX v22.7.5 Daemon Client] - 2026-06-07T06:51:35.412Z - [Messenger] Received message, length: 22
[NX v22.7.5 Daemon Server] - 2026-06-07T06:51:35.414Z - Done responding to the client handleGetNxConsoleStatus
[NX v22.7.5 Daemon Server] - 2026-06-07T06:51:35.415Z - Handled json message GET_NX_CONSOLE_STATUS. Handling time: 0. Response time: 6.
[NX v22.7.5 Daemon Server] - 2026-06-07T06:51:55.362Z - [LATEST-NX]: Successfully pulled latest Nx to C:\Users\toyos\AppData\Local\Temp\tmp-23780-wLTiHGyC0ZH1
[NX v22.7.5 Daemon Server] - 2026-06-07T06:51:55.370Z - [NX-CONSOLE]: Using local implementation (NX_USE_LOCAL=true or inner call)
DEBUG nx::native::ide::preferences: Loaded console preferences: NxConsolePreferences { auto_install_console: Some(true), path: "C:\\Users\\toyos\\.nx\\ide.json" }
DEBUG nx::native::ide::install: Detected editor: VSCode
DEBUG nx::native::ide::install: Checking if Nx Console extension is installed with: code.cmd --list-extensions
[NX v22.7.5 Daemon Server] - 2026-06-07T06:51:55.380Z - [AI-AGENTS]: Failed to compute agent configuration status from latest Nx. Error: Only URLs with a scheme in: file, data, and node are supported by the default ESM loader. On Windows, absolute paths must be valid file:// URLs. Received protocol 'c:'
[NX v22.7.5 Daemon Server] - 2026-06-07T06:51:55.381Z - [AI-AGENTS]: Agent configuration status computation completed: 0 fully configured, 0 outdated, 0 partially configured, 0 non-configured
DEBUG nx::native::ide::install: Nx Console extension is installed
[NX v22.7.5 Daemon Server] - 2026-06-07T06:51:55.955Z - [NX-CONSOLE]: Console status check completed, shouldPrompt: false
[NX v22.7.5 Daemon Server] - 2026-06-07T06:52:28.383Z - [WATCHER]: package.json was modified
[NX v22.7.5 Daemon Server] - 2026-06-07T06:52:28.384Z - [WATCHER]: File changes detected:
Created:
(none)
Updated:
  - package.json
Deleted:
(none)
[NX v22.7.5 Daemon Server] - 2026-06-07T06:52:28.385Z - [SYNC]: clearing sync generators cache due to file changes
[NX v22.7.5 Daemon Server] - 2026-06-07T06:52:28.386Z - [WATCHER]: Processing file changes in outputs
[NX v22.7.5 Daemon Server] - 2026-06-07T06:52:28.500Z - [REQUEST]: Updated workspace context based on watched changes, recomputing project graph...
[NX v22.7.5 Daemon Server] - 2026-06-07T06:52:28.500Z - [REQUEST]: package.json
[NX v22.7.5 Daemon Server] - 2026-06-07T06:52:28.501Z - [REQUEST]: 
[plugin-client] restarting worker for "nx/js/dependencies-and-lockfile"
[isolated-plugin] spawned worker for "nx/js/dependencies-and-lockfile" (pid: 24136, socket: \\.\pipe\nx\C:\Users\toyos\AppData\Local\Temp\plugin23780-3-59341.2975.sock)
[plugin-client] restarting worker for "nx/core/package-json"
[isolated-plugin] spawned worker for "nx/core/package-json" (pid: 22624, socket: \\.\pipe\nx\C:\Users\toyos\AppData\Local\Temp\plugin23780-4-59355.5798.sock)
[plugin-client] restarting worker for "nx/core/project-json"
[isolated-plugin] spawned worker for "nx/core/project-json" (pid: 22628, socket: \\.\pipe\nx\C:\Users\toyos\AppData\Local\Temp\plugin23780-5-59366.1879.sock)
[NX v22.7.5 Daemon Server] - 2026-06-07T06:52:28.540Z - Time taken for 'hash changed files from watcher' 3.16189999999915ms
[NX v22.7.5 Daemon Server] - 2026-06-07T06:52:28.962Z - [Server] lock file hash changed! old=15730767604270072350, new=10537223105211850155
[NX v22.7.5 Daemon Server] - 2026-06-07T06:52:28.963Z - [Server] Daemon outdated: LOCK_FILES_CHANGED
[NX v22.7.5 Daemon Server] - 2026-06-07T06:52:28.963Z - [Server] Restarting daemon...
[NX v22.7.5 Daemon Server] - 2026-06-07T06:52:29.031Z - [WATCHER]: package-lock.json was modified
[NX v22.7.5 Daemon Server] - 2026-06-07T06:52:29.043Z - [WATCHER]: File changes detected:
Created:
(none)
Updated:
  - package-lock.json
Deleted:
(none)
[NX v22.7.5 Daemon Server] - 2026-06-07T06:52:29.044Z - [SYNC]: clearing sync generators cache due to file changes
[NX v22.7.5 Daemon Server] - 2026-06-07T06:52:29.044Z - Closed a connection. Number of open connections: 0
[NX v22.7.5 Daemon Server] - 2026-06-07T06:52:29.068Z - [WATCHER]: Stopping the watcher for C:\Users\toyos\Medicore-HMS\medicore-hms (sources)
[NX v22.7.5 Daemon Server] - 2026-06-07T06:52:29.069Z - [WATCHER]: Processing file changes in outputs
[NX v22.7.5 Daemon Server] - 2026-06-07T06:52:29.079Z - Restarting daemon with script: C:\Users\toyos\Medicore-HMS\medicore-hms\node_modules\nx\dist\src\daemon\server\start.js
[NX v22.7.5 Daemon Server] - 2026-06-07T06:52:29.079Z - Old daemon __dirname: C:\Users\toyos\Medicore-HMS\medicore-hms\node_modules\nx\dist\src\daemon\server
[NX v22.7.5 Daemon Server] - 2026-06-07T06:52:29.079Z - Current process.execPath: C:\Program Files\nodejs\node.exe
[NX v22.7.5 Daemon Server] - 2026-06-07T06:52:29.124Z - Started new daemon process in background
[NX v22.7.5 Daemon Server] - 2026-06-07T06:52:29.126Z - [WATCHER]: Stopping the watcher for C:\Users\toyos\Medicore-HMS\medicore-hms (outputs)
[NX v22.7.5 Daemon Server] - 2026-06-07T06:52:29.127Z - [LATEST-NX]: Cleaning up latest Nx installation from C:\Users\toyos\AppData\Local\Temp\tmp-23780-wLTiHGyC0ZH1
[NX v22.7.5 Daemon Server] - 2026-06-07T06:52:29.128Z - Server stopped because: "this process is no longer the current daemon (native)"
[NX v22.7.5 Daemon Server] - 2026-06-07T06:52:31.295Z - New daemon starting from: C:\Users\toyos\Medicore-HMS\medicore-hms\node_modules\nx\dist\src\daemon\server\server.js
[NX v22.7.5 Daemon Server] - 2026-06-07T06:52:31.300Z - New daemon __dirname: C:\Users\toyos\Medicore-HMS\medicore-hms\node_modules\nx\dist\src\daemon\server
[NX v22.7.5 Daemon Server] - 2026-06-07T06:52:31.301Z - New daemon nxVersion: 22.7.5
[NX v22.7.5 Daemon Server] - 2026-06-07T06:52:31.304Z - New daemon getInstalledNxVersion(): 22.7.5
[NX v22.7.5 Daemon Server] - 2026-06-07T06:52:31.313Z - Time taken for 'workspace context init' 5.895399999999881ms
[NX v22.7.5 Daemon Server] - 2026-06-07T06:52:31.330Z - [Server] Starting outdated check interval (20ms)
[NX v22.7.5 Daemon Server] - 2026-06-07T06:52:31.338Z - Started listening on: \\.\pipe\nx\C:\Users\toyos\AppData\Local\Temp\fc20ef3048cd07a76593\d.sock
[NX v22.7.5 Daemon Server] - 2026-06-07T06:52:31.349Z - [WATCHER]: Subscribed to changes within: C:\Users\toyos\Medicore-HMS\medicore-hms (native)
[NX v22.7.5 Daemon Server] - 2026-06-07T06:52:31.356Z - [LATEST-NX]: Pulling latest Nx...
[NX v22.7.5 Daemon Server] - 2026-06-07T06:52:31.398Z - [AI-AGENTS]: Starting agent configuration status computation
[isolated-plugin] spawned worker for "C:\Users\toyos\Medicore-HMS\medicore-hms\node_modules\nx\dist\src\plugins\js" (pid: 24076, socket: \\.\pipe\nx\C:\Users\toyos\AppData\Local\Temp\plugin16420-0-2266.1965.sock)
[isolated-plugin] spawned worker for "C:\Users\toyos\Medicore-HMS\medicore-hms\node_modules\nx\dist\src\plugins\package-json" (pid: 1836, socket: \\.\pipe\nx\C:\Users\toyos\AppData\Local\Temp\plugin16420-1-2286.0403.sock)
[isolated-plugin] spawned worker for "C:\Users\toyos\Medicore-HMS\medicore-hms\node_modules\nx\dist\src\plugins\project-json\build-nodes\project-json" (pid: 1348, socket: \\.\pipe\nx\C:\Users\toyos\AppData\Local\Temp\plugin16420-2-2299.9687.sock)
[NX v22.7.5 Daemon Server] - 2026-06-07T06:52:31.545Z - Time taken for 'loadSpecifiedNxPlugins' 59.13130000000001ms
[isolated-plugin] connected to worker for "C:\Users\toyos\Medicore-HMS\medicore-hms\node_modules\nx\dist\src\plugins\js" (pid: 24076)
[plugin-worker] "C:\Users\toyos\Medicore-HMS\medicore-hms\node_modules\nx\dist\src\plugins\js" (pid: 24076) listening on \\.\pipe\nx\C:\Users\toyos\AppData\Local\Temp\plugin16420-0-2266.1965.sock
[plugin-worker] "C:\Users\toyos\Medicore-HMS\medicore-hms\node_modules\nx\dist\src\plugins\js" (pid: 24076) connected
[NX v22.7.5 Daemon Server] - 2026-06-07T06:52:32.488Z - Time taken for 'start-plugin-worker:C:\Users\toyos\Medicore-HMS\medicore-hms\node_modules\nx\dist\src\plugins\js' 976.9975ms
[isolated-plugin] connected to worker for "C:\Users\toyos\Medicore-HMS\medicore-hms\node_modules\nx\dist\src\plugins\package-json" (pid: 1836)
[plugin-worker] "C:\Users\toyos\Medicore-HMS\medicore-hms\node_modules\nx\dist\src\plugins\package-json" (pid: 1836) listening on \\.\pipe\nx\C:\Users\toyos\AppData\Local\Temp\plugin16420-1-2286.0403.sock
[1m[33mTime taken for 'plugin worker 1836 code loading' 843.5728ms[39m[22m
[1m[33mTime taken for 'plugin worker 24076 code loading' 853.5373000000001ms[39m[22m
[NX v22.7.5 Daemon Server] - 2026-06-07T06:52:32.506Z - Time taken for 'start-plugin-worker:C:\Users\toyos\Medicore-HMS\medicore-hms\node_modules\nx\dist\src\plugins\package-json' 996.9762000000001ms
[plugin-worker] "C:\Users\toyos\Medicore-HMS\medicore-hms\node_modules\nx\dist\src\plugins\package-json" (pid: 1836) connected
[plugin-worker] "C:\Users\toyos\Medicore-HMS\medicore-hms\node_modules\nx\dist\src\plugins\project-json\build-nodes\project-json" (pid: 1348) listening on \\.\pipe\nx\C:\Users\toyos\AppData\Local\Temp\plugin16420-2-2299.9687.sock
[1m[33mTime taken for 'plugin worker 1348 code loading' 876.5707ms[39m[22m
[isolated-plugin] connected to worker for "C:\Users\toyos\Medicore-HMS\medicore-hms\node_modules\nx\dist\src\plugins\project-json\build-nodes\project-json" (pid: 1348)
[NX v22.7.5 Daemon Server] - 2026-06-07T06:52:32.554Z - Time taken for 'start-plugin-worker:C:\Users\toyos\Medicore-HMS\medicore-hms\node_modules\nx\dist\src\plugins\project-json\build-nodes\project-json' 1029.9038ms
[plugin-worker] "C:\Users\toyos\Medicore-HMS\medicore-hms\node_modules\nx\dist\src\plugins\project-json\build-nodes\project-json" (pid: 1348) connected
[plugin-worker] "C:\Users\toyos\Medicore-HMS\medicore-hms\node_modules\nx\dist\src\plugins\project-json\build-nodes\project-json" (pid: 1348) loaded successfully
[NX v22.7.5 Daemon Server] - 2026-06-07T06:52:33.231Z - Time taken for 'Load Nx Plugin: C:\Users\toyos\Medicore-HMS\medicore-hms\node_modules\nx\dist\src\plugins\project-json\build-nodes\project-json' 1747.9675000000002ms
[plugin-worker] "C:\Users\toyos\Medicore-HMS\medicore-hms\node_modules\nx\dist\src\plugins\package-json" (pid: 1836) loaded successfully
[NX v22.7.5 Daemon Server] - 2026-06-07T06:52:33.306Z - Time taken for 'Load Nx Plugin: C:\Users\toyos\Medicore-HMS\medicore-hms\node_modules\nx\dist\src\plugins\package-json' 1831.5761000000002ms
[plugin-worker] "C:\Users\toyos\Medicore-HMS\medicore-hms\node_modules\nx\dist\src\plugins\js" (pid: 24076) loaded successfully
[NX v22.7.5 Daemon Server] - 2026-06-07T06:52:33.371Z - [REQUEST]: Updated workspace context based on watched changes, recomputing project graph...
[NX v22.7.5 Daemon Server] - 2026-06-07T06:52:33.372Z - [REQUEST]: 
[NX v22.7.5 Daemon Server] - 2026-06-07T06:52:33.372Z - [REQUEST]: 
[NX v22.7.5 Daemon Server] - 2026-06-07T06:52:33.416Z - Time taken for 'loadDefaultNxPlugins' 1900.3179999999998ms
[NX v22.7.5 Daemon Server] - 2026-06-07T06:52:33.416Z - Time taken for 'Load Nx Plugin: C:\Users\toyos\Medicore-HMS\medicore-hms\node_modules\nx\dist\src\plugins\js' 1898.4556000000002ms
[NX v22.7.5 Daemon Server] - 2026-06-07T06:52:33.417Z - Time taken for 'hash changed files from watcher' 1.785899999999856ms
[1m[33mTime taken for 'nx/core/project-json:createNodes' 2.8882999999998447ms[39m[22m
[1m[33mTime taken for 'nx/core/package-json:createNodes' 2.822099999999864ms[39m[22m
[isolated-plugin] shutting down worker for "nx/core/package-json" after createNodes
[isolated-plugin] shutting down worker for "nx/core/project-json" after createNodes
[1m[33mTime taken for 'nx/js/dependencies-and-lockfile:createNodes' 121.56809999999996ms[39m[22m
[NX v22.7.5 Daemon Server] - 2026-06-07T06:52:33.730Z - Time taken for 'build-project-configs' 249.22429999999986ms
[NX v22.7.5 Daemon Server] - 2026-06-07T06:52:33.731Z - Time taken for 'createNodes:merge' 43.66309999999976ms
[NX v22.7.5 Daemon Server] - 2026-06-07T06:52:33.731Z - Time taken for 'native-file-deps' 0.0820000000003347ms
[NX v22.7.5 Daemon Server] - 2026-06-07T06:52:33.731Z - Time taken for 'get-workspace-files' 1.9691000000002532ms
[NX v22.7.5 Daemon Server] - 2026-06-07T06:52:33.731Z - Time taken for 'get-all-workspace-files' 44.588300000000345ms
[NX v22.7.5 Daemon Server] - 2026-06-07T06:52:33.731Z - Time taken for 'read cache' 1.4594000000006417ms
[isolated-plugin] shutting down worker for "nx/js/dependencies-and-lockfile" after createDependencies
[NX v22.7.5 Daemon Server] - 2026-06-07T06:52:34.075Z - [SYNC]: collect registered sync generators
[NX v22.7.5 Daemon Server] - 2026-06-07T06:52:34.082Z - Time taken for 'total execution time for createProjectGraph()' 388.6291000000001ms
[NX v22.7.5 Daemon Server] - 2026-06-07T06:52:34.082Z - Time taken for 'createDependencies' 346.8697999999995ms
[NX v22.7.5 Daemon Server] - 2026-06-07T06:52:34.082Z - Time taken for 'nx/js/dependencies-and-lockfile:createDependencies' 346.08830000000034ms
[NX v22.7.5 Daemon Server] - 2026-06-07T06:52:34.082Z - Time taken for 'createMetadata' 0.05010000000038417ms
[NX v22.7.5 Daemon Server] - 2026-06-07T06:52:34.082Z - Time taken for 'serialize graph' 7.932499999999891ms
[NX v22.7.5 Daemon Server] - 2026-06-07T06:52:34.596Z - Established a connection. Number of open connections: 1
[NX v22.7.5 Daemon Server] - 2026-06-07T06:52:34.598Z - Closed a connection. Number of open connections: 0
[NX v22.7.5 Daemon Client] - 2026-06-07T06:52:34.598Z - [Messenger] Setting up socket listeners
[NX v22.7.5 Daemon Client] - 2026-06-07T06:52:34.600Z - [Messenger] listen() complete
[NX v22.7.5 Daemon Server] - 2026-06-07T06:52:34.607Z - Established a connection. Number of open connections: 1
[NX v22.7.5 Daemon Server] - 2026-06-07T06:52:34.608Z - Established a connection. Number of open connections: 2
[NX v22.7.5 Daemon Server] - 2026-06-07T06:52:34.610Z - Closed a connection. Number of open connections: 1
[NX v22.7.5 Daemon Client] - 2026-06-07T06:52:35.414Z - [Messenger] Sending message type: GET_NX_CONSOLE_STATUS
[NX v22.7.5 Daemon Client] - 2026-06-07T06:52:35.416Z - [Messenger] Message sent
[NX v22.7.5 Daemon Server] - 2026-06-07T06:52:35.430Z - Received raw message of length 5342
[NX v22.7.5 Daemon Server] - 2026-06-07T06:52:35.430Z - Received json message of type GET_NX_CONSOLE_STATUS
[NX v22.7.5 Daemon Server] - 2026-06-07T06:52:35.431Z - Refreshing env var Path from client connection.
[NX v22.7.5 Daemon Server] - 2026-06-07T06:52:35.432Z - Graph recompute necessary due to env variable refresh
[NX v22.7.5 Daemon Server] - 2026-06-07T06:52:35.435Z - Serializing response for GET_NX_CONSOLE_STATUS message in json mode
[NX v22.7.5 Daemon Server] - 2026-06-07T06:52:35.435Z - Responding to GET_NX_CONSOLE_STATUS message
[NX v22.7.5 Daemon Server] - 2026-06-07T06:52:35.435Z - [REQUEST]: Responding to the client. handleGetNxConsoleStatus
[NX v22.7.5 Daemon Client] - 2026-06-07T06:52:35.439Z - [Messenger] Received message, length: 22
[NX v22.7.5 Daemon Server] - 2026-06-07T06:52:35.442Z - Done responding to the client handleGetNxConsoleStatus
[NX v22.7.5 Daemon Server] - 2026-06-07T06:52:35.442Z - Handled json message GET_NX_CONSOLE_STATUS. Handling time: 1. Response time: 7.
[NX v22.7.5 Daemon Client] - 2026-06-07T06:52:35.575Z - [Messenger] Sending message type: REQUEST_PROJECT_GRAPH
[NX v22.7.5 Daemon Client] - 2026-06-07T06:52:35.577Z - [Messenger] Message sent
[NX v22.7.5 Daemon Server] - 2026-06-07T06:52:35.583Z - Received raw message of length 32
[NX v22.7.5 Daemon Server] - 2026-06-07T06:52:35.583Z - Received json message of type REQUEST_PROJECT_GRAPH
[NX v22.7.5 Daemon Server] - 2026-06-07T06:52:35.584Z - [REQUEST]: Client Request for Project Graph Received
[NX v22.7.5 Daemon Server] - 2026-06-07T06:52:35.587Z - [REQUEST]: Updated workspace context based on watched changes, recomputing project graph...
[NX v22.7.5 Daemon Server] - 2026-06-07T06:52:35.588Z - [REQUEST]: 
[NX v22.7.5 Daemon Server] - 2026-06-07T06:52:35.588Z - [REQUEST]: 
[NX v22.7.5 Daemon Server] - 2026-06-07T06:52:35.590Z - No files changed, but no in-memory cached project graph found. Recomputing it...
[NX v22.7.5 Daemon Server] - 2026-06-07T06:52:35.590Z - Streaming message to client: progress update for topic graph-construction
[plugin-client] restarting worker for "nx/js/dependencies-and-lockfile"
[NX v22.7.5 Daemon Client] - 2026-06-07T06:52:35.591Z - [Messenger] Received message, length: 47
[isolated-plugin] spawned worker for "nx/js/dependencies-and-lockfile" (pid: 22300, socket: \\.\pipe\nx\C:\Users\toyos\AppData\Local\Temp\plugin16420-3-6372.2553.sock)
[plugin-client] restarting worker for "nx/core/package-json"
[isolated-plugin] spawned worker for "nx/core/package-json" (pid: 17468, socket: \\.\pipe\nx\C:\Users\toyos\AppData\Local\Temp\plugin16420-4-6388.3451.sock)
[plugin-client] restarting worker for "nx/core/project-json"
[isolated-plugin] spawned worker for "nx/core/project-json" (pid: 19256, socket: \\.\pipe\nx\C:\Users\toyos\AppData\Local\Temp\plugin16420-5-6399.1013.sock)
[NX v22.7.5 Daemon Server] - 2026-06-07T06:52:35.632Z - Time taken for 'hash changed files from watcher' 0.7362000000002809ms
[isolated-plugin] connected to worker for "nx/core/project-json" (pid: 19256)
[isolated-plugin] connected to worker for "nx/js/dependencies-and-lockfile" (pid: 22300)
[isolated-plugin] connected to worker for "nx/core/package-json" (pid: 17468)
[plugin-worker] "nx/js/dependencies-and-lockfile" (pid: 22300) listening on \\.\pipe\nx\C:\Users\toyos\AppData\Local\Temp\plugin16420-3-6372.2553.sock
[1m[33mTime taken for 'plugin worker 22300 code loading' 523.9969ms[39m[22m
[plugin-worker] "nx/js/dependencies-and-lockfile" (pid: 22300) connected
[plugin-worker] "nx/core/package-json" (pid: 17468) listening on \\.\pipe\nx\C:\Users\toyos\AppData\Local\Temp\plugin16420-4-6388.3451.sock
[1m[33mTime taken for 'plugin worker 17468 code loading' 532.0336ms[39m[22m
[plugin-worker] "nx/core/package-json" (pid: 17468) connected
[plugin-worker] "nx/core/project-json" (pid: 19256) listening on \\.\pipe\nx\C:\Users\toyos\AppData\Local\Temp\plugin16420-5-6399.1013.sock
[1m[33mTime taken for 'plugin worker 19256 code loading' 556.7271ms[39m[22m
[plugin-worker] "nx/core/project-json" (pid: 19256) connected
[NX v22.7.5 Daemon Server] - 2026-06-07T06:52:36.287Z - Time taken for 'start-plugin-worker:nx/js/dependencies-and-lockfile' 689.0941000000003ms
[NX v22.7.5 Daemon Server] - 2026-06-07T06:52:36.288Z - Time taken for 'start-plugin-worker:nx/core/package-json' 673.6625999999997ms
[NX v22.7.5 Daemon Server] - 2026-06-07T06:52:36.288Z - Time taken for 'start-plugin-worker:nx/core/project-json' 659.9012999999995ms
Fetching nx...
[plugin-worker] "nx/core/project-json" (pid: 19256) loaded successfully
[plugin-worker] "nx/core/package-json" (pid: 17468) loaded successfully
[plugin-worker] "nx/js/dependencies-and-lockfile" (pid: 22300) loaded successfully
[1m[33mTime taken for 'nx/core/project-json:createNodes' 2.3524999999999636ms[39m[22m
[isolated-plugin] shutting down worker for "nx/core/project-json" after createNodes
[NX v22.7.5 Daemon Server] - 2026-06-07T06:52:37.303Z - Streaming message to client: progress update for topic graph-construction
[1m[33mTime taken for 'nx/core/package-json:createNodes' 3.810999999999922ms[39m[22m
[isolated-plugin] shutting down worker for "nx/core/package-json" after createNodes
[NX v22.7.5 Daemon Client] - 2026-06-07T06:52:37.304Z - [Messenger] Received message, length: 153
[NX v22.7.5 Daemon Server] - 2026-06-07T06:52:37.305Z - Streaming message to client: progress update for topic graph-construction
[NX v22.7.5 Daemon Client] - 2026-06-07T06:52:37.307Z - [Messenger] Received message, length: 112
[1m[33mTime taken for 'nx/js/dependencies-and-lockfile:createNodes' 30.53110000000015ms[39m[22m
[NX v22.7.5 Daemon Server] - 2026-06-07T06:52:37.356Z - Streaming message to client: progress update for topic graph-construction
[NX v22.7.5 Daemon Client] - 2026-06-07T06:52:37.357Z - [Messenger] Received message, length: 47
[NX v22.7.5 Daemon Server] - 2026-06-07T06:52:37.380Z - Streaming message to client: progress update for topic graph-construction
[NX v22.7.5 Daemon Server] - 2026-06-07T06:52:37.386Z - Time taken for 'build-project-configs' 1769.3716000000004ms
[NX v22.7.5 Daemon Server] - 2026-06-07T06:52:37.387Z - Time taken for 'createNodes:merge' 3.3103000000000975ms
[NX v22.7.5 Daemon Server] - 2026-06-07T06:52:37.387Z - Time taken for 'get-all-workspace-files' 0.7651999999998225ms
[NX v22.7.5 Daemon Client] - 2026-06-07T06:52:37.396Z - [Messenger] Received message, length: 47
[1m[33mTime taken for 'build typescript dependencies' 0.7221999999999298ms[39m[22m
[isolated-plugin] shutting down worker for "nx/js/dependencies-and-lockfile" after createDependencies
[NX v22.7.5 Daemon Server] - 2026-06-07T06:52:37.436Z - Streaming message to client: progress update for topic graph-construction
[NX v22.7.5 Daemon Client] - 2026-06-07T06:52:37.438Z - [Messenger] Received message, length: 47
[NX v22.7.5 Daemon Server] - 2026-06-07T06:52:37.492Z - Wrote project graph cache to C:\Users\toyos\Medicore-HMS\medicore-hms\.nx\workspace-data\project-graph.json
[NX v22.7.5 Daemon Server] - 2026-06-07T06:52:37.493Z - Serializing response for REQUEST_PROJECT_GRAPH message in json mode
[NX v22.7.5 Daemon Server] - 2026-06-07T06:52:37.493Z - Responding to REQUEST_PROJECT_GRAPH message
[NX v22.7.5 Daemon Server] - 2026-06-07T06:52:37.493Z - [REQUEST]: Responding to the client. project-graph
[NX v22.7.5 Daemon Server] - 2026-06-07T06:52:37.494Z - Time taken for 'total for creating and serializing project graph' 1908.9684000000007ms
[NX v22.7.5 Daemon Server] - 2026-06-07T06:52:37.494Z - Time taken for 'total execution time for createProjectGraph()' 88.72560000000067ms
[NX v22.7.5 Daemon Server] - 2026-06-07T06:52:37.494Z - Time taken for 'createDependencies' 73.70840000000044ms
[NX v22.7.5 Daemon Server] - 2026-06-07T06:52:37.495Z - Time taken for 'nx/js/dependencies-and-lockfile:createDependencies' 73.08140000000094ms
[NX v22.7.5 Daemon Server] - 2026-06-07T06:52:37.495Z - Time taken for 'createMetadata' 0.023100000000340515ms
[NX v22.7.5 Daemon Server] - 2026-06-07T06:52:37.495Z - Time taken for 'serialize graph' 6.293100000000777ms
[NX v22.7.5 Daemon Server] - 2026-06-07T06:52:37.495Z - Time taken for 'write cache' 32.188100000001214ms
[NX v22.7.5 Daemon Server] - 2026-06-07T06:52:37.509Z - Done responding to the client project-graph
[NX v22.7.5 Daemon Server] - 2026-06-07T06:52:37.509Z - Handled json message REQUEST_PROJECT_GRAPH. Handling time: 1909. Response time: 16.
[NX v22.7.5 Daemon Client] - 2026-06-07T06:52:37.511Z - [Messenger] Received message, length: 708941
[NX v22.7.5 Daemon Server] - 2026-06-07T06:52:38.662Z - [WATCHER]: Processing file changes in outputs
[NX v22.7.5 Daemon Server] - 2026-06-07T06:52:38.664Z - [WATCHER]: package.json was modified
[NX v22.7.5 Daemon Server] - 2026-06-07T06:52:38.664Z - [WATCHER]: File changes detected:
Created:
(none)
Updated:
  - package.json
Deleted:
(none)
[NX v22.7.5 Daemon Server] - 2026-06-07T06:52:38.665Z - [SYNC]: clearing sync generators cache due to file changes
[NX v22.7.5 Daemon Server] - 2026-06-07T06:52:38.770Z - [REQUEST]: Updated workspace context based on watched changes, recomputing project graph...
[NX v22.7.5 Daemon Server] - 2026-06-07T06:52:38.770Z - [REQUEST]: package.json
[NX v22.7.5 Daemon Server] - 2026-06-07T06:52:38.770Z - [REQUEST]: 
[plugin-client] restarting worker for "nx/js/dependencies-and-lockfile"
[isolated-plugin] spawned worker for "nx/js/dependencies-and-lockfile" (pid: 7580, socket: \\.\pipe\nx\C:\Users\toyos\AppData\Local\Temp\plugin16420-6-9551.7133.sock)
[plugin-client] restarting worker for "nx/core/package-json"
[isolated-plugin] spawned worker for "nx/core/package-json" (pid: 12172, socket: \\.\pipe\nx\C:\Users\toyos\AppData\Local\Temp\plugin16420-7-9579.1434.sock)
[plugin-client] restarting worker for "nx/core/project-json"
[isolated-plugin] spawned worker for "nx/core/project-json" (pid: 23584, socket: \\.\pipe\nx\C:\Users\toyos\AppData\Local\Temp\plugin16420-8-9609.4583.sock)
[NX v22.7.5 Daemon Server] - 2026-06-07T06:52:38.939Z - Time taken for 'hash changed files from watcher' 0.8605999999999767ms
[plugin-worker] "nx/js/dependencies-and-lockfile" (pid: 7580) listening on \\.\pipe\nx\C:\Users\toyos\AppData\Local\Temp\plugin16420-6-9551.7133.sock
[plugin-worker] "nx/core/package-json" (pid: 12172) listening on \\.\pipe\nx\C:\Users\toyos\AppData\Local\Temp\plugin16420-7-9579.1434.sock
[isolated-plugin] connected to worker for "nx/js/dependencies-and-lockfile" (pid: 7580)
[isolated-plugin] connected to worker for "nx/core/package-json" (pid: 12172)
[1m[33mTime taken for 'plugin worker 7580 code loading' 510.8897ms[39m[22m
[plugin-worker] "nx/js/dependencies-and-lockfile" (pid: 7580) connected
[1m[33mTime taken for 'plugin worker 12172 code loading' 514.5141ms[39m[22m
[plugin-worker] "nx/core/package-json" (pid: 12172) connected
[NX v22.7.5 Daemon Server] - 2026-06-07T06:52:39.569Z - Time taken for 'start-plugin-worker:nx/js/dependencies-and-lockfile' 792.9465ms
[NX v22.7.5 Daemon Server] - 2026-06-07T06:52:39.569Z - Time taken for 'start-plugin-worker:nx/core/package-json' 768.9697999999989ms
[plugin-worker] "nx/core/project-json" (pid: 23584) listening on \\.\pipe\nx\C:\Users\toyos\AppData\Local\Temp\plugin16420-8-9609.4583.sock
[1m[33mTime taken for 'plugin worker 23584 code loading' 510.80490000000003ms[39m[22m
[isolated-plugin] connected to worker for "nx/core/project-json" (pid: 23584)
[plugin-worker] "nx/core/project-json" (pid: 23584) connected
[NX v22.7.5 Daemon Server] - 2026-06-07T06:52:39.644Z - Time taken for 'start-plugin-worker:nx/core/project-json' 812.1481000000003ms
[plugin-worker] "nx/core/package-json" (pid: 12172) loaded successfully
[1m[33mTime taken for 'nx/core/package-json:createNodes' 6.9990999999999985ms[39m[22m
[isolated-plugin] shutting down worker for "nx/core/package-json" after createNodes
[plugin-worker] "nx/core/project-json" (pid: 23584) loaded successfully
[1m[33mTime taken for 'nx/core/project-json:createNodes' 5.6486999999999625ms[39m[22m
[isolated-plugin] shutting down worker for "nx/core/project-json" after createNodes
[plugin-worker] "nx/js/dependencies-and-lockfile" (pid: 7580) loaded successfully
[1m[33mTime taken for 'nx/js/dependencies-and-lockfile:createNodes' 41.52240000000006ms[39m[22m
[NX v22.7.5 Daemon Server] - 2026-06-07T06:52:40.205Z - Time taken for 'build-project-configs' 1409.3863000000001ms
[NX v22.7.5 Daemon Server] - 2026-06-07T06:52:40.205Z - Time taken for 'createNodes:merge' 4.068699999999808ms
[NX v22.7.5 Daemon Server] - 2026-06-07T06:52:40.205Z - Time taken for 'get-all-workspace-files' 1.668999999999869ms
[1m[33mTime taken for 'build typescript dependencies' 0.705600000000004ms[39m[22m
[isolated-plugin] shutting down worker for "nx/js/dependencies-and-lockfile" after createDependencies
[NX v22.7.5 Daemon Server] - 2026-06-07T06:52:40.304Z - [SYNC]: collect registered sync generators
[NX v22.7.5 Daemon Server] - 2026-06-07T06:52:40.306Z - [SYNC]: project graph hash is the same, not collecting task sync generators
[NX v22.7.5 Daemon Server] - 2026-06-07T06:52:40.307Z - [SYNC]: nx.json hash is the same, not collecting global sync generators
[NX v22.7.5 Daemon Server] - 2026-06-07T06:52:40.308Z - Time taken for 'total execution time for createProjectGraph()' 109.07599999999911ms
[NX v22.7.5 Daemon Server] - 2026-06-07T06:52:40.308Z - Time taken for 'createDependencies' 92.95790000000125ms
[NX v22.7.5 Daemon Server] - 2026-06-07T06:52:40.308Z - Time taken for 'nx/js/dependencies-and-lockfile:createDependencies' 92.5580000000009ms
[NX v22.7.5 Daemon Server] - 2026-06-07T06:52:40.308Z - Time taken for 'createMetadata' 0.0874999999996362ms
[NX v22.7.5 Daemon Server] - 2026-06-07T06:52:40.308Z - Time taken for 'serialize graph' 9.72400000000016ms
[NX v22.7.5 Daemon Server] - 2026-06-07T06:52:50.489Z - [Server] lock file hash changed! old=10537223105211850155, new=7715592760661109749
[NX v22.7.5 Daemon Server] - 2026-06-07T06:52:50.489Z - [Server] Daemon outdated: LOCK_FILES_CHANGED
[NX v22.7.5 Daemon Server] - 2026-06-07T06:52:50.489Z - [Server] Restarting daemon...
[NX v22.7.5 Daemon Server] - 2026-06-07T06:52:50.498Z - Restarting daemon with script: C:\Users\toyos\Medicore-HMS\medicore-hms\node_modules\nx\dist\src\daemon\server\start.js
[NX v22.7.5 Daemon Server] - 2026-06-07T06:52:50.498Z - Old daemon __dirname: C:\Users\toyos\Medicore-HMS\medicore-hms\node_modules\nx\dist\src\daemon\server
[NX v22.7.5 Daemon Server] - 2026-06-07T06:52:50.498Z - Current process.execPath: C:\Program Files\nodejs\node.exe
[NX v22.7.5 Daemon Server] - 2026-06-07T06:52:50.511Z - Started new daemon process in background
[NX v22.7.5 Daemon Server] - 2026-06-07T06:52:50.513Z - [WATCHER]: Stopping the watcher for C:\Users\toyos\Medicore-HMS\medicore-hms (sources)
[NX v22.7.5 Daemon Server] - 2026-06-07T06:52:50.514Z - Closed a connection. Number of open connections: 0
[NX v22.7.5 Daemon Server] - 2026-06-07T06:52:51.590Z - New daemon starting from: C:\Users\toyos\Medicore-HMS\medicore-hms\node_modules\nx\dist\src\daemon\server\server.js
[NX v22.7.5 Daemon Server] - 2026-06-07T06:52:51.593Z - New daemon __dirname: C:\Users\toyos\Medicore-HMS\medicore-hms\node_modules\nx\dist\src\daemon\server
[NX v22.7.5 Daemon Server] - 2026-06-07T06:52:51.593Z - New daemon nxVersion: 22.7.5
[NX v22.7.5 Daemon Server] - 2026-06-07T06:52:51.598Z - New daemon getInstalledNxVersion(): 22.7.5
[NX v22.7.5 Daemon Server] - 2026-06-07T06:52:51.608Z - Time taken for 'workspace context init' 3.0948000000000775ms
[NX v22.7.5 Daemon Server] - 2026-06-07T06:52:51.616Z - [Server] Starting outdated check interval (20ms)
[NX v22.7.5 Daemon Server] - 2026-06-07T06:52:51.621Z - Started listening on: \\.\pipe\nx\C:\Users\toyos\AppData\Local\Temp\b06f9d25ed61c2da1b16\d.sock
[NX v22.7.5 Daemon Server] - 2026-06-07T06:52:51.632Z - [WATCHER]: Subscribed to changes within: C:\Users\toyos\Medicore-HMS\medicore-hms (native)
[NX v22.7.5 Daemon Server] - 2026-06-07T06:52:51.635Z - [LATEST-NX]: Pulling latest Nx...
[NX v22.7.5 Daemon Server] - 2026-06-07T06:52:51.666Z - [AI-AGENTS]: Starting agent configuration status computation
[isolated-plugin] spawned worker for "C:\Users\toyos\Medicore-HMS\medicore-hms\node_modules\nx\dist\src\plugins\js" (pid: 13796, socket: \\.\pipe\nx\C:\Users\toyos\AppData\Local\Temp\plugin10640-0-1211.5265.sock)
[isolated-plugin] spawned worker for "C:\Users\toyos\Medicore-HMS\medicore-hms\node_modules\nx\dist\src\plugins\package-json" (pid: 7532, socket: \\.\pipe\nx\C:\Users\toyos\AppData\Local\Temp\plugin10640-1-1229.703.sock)
[isolated-plugin] spawned worker for "C:\Users\toyos\Medicore-HMS\medicore-hms\node_modules\nx\dist\src\plugins\project-json\build-nodes\project-json" (pid: 11684, socket: \\.\pipe\nx\C:\Users\toyos\AppData\Local\Temp\plugin10640-2-1242.4897.sock)
[NX v22.7.5 Daemon Server] - 2026-06-07T06:52:51.800Z - Time taken for 'loadSpecifiedNxPlugins' 45.716699999999946ms
[plugin-worker] "C:\Users\toyos\Medicore-HMS\medicore-hms\node_modules\nx\dist\src\plugins\js" (pid: 13796) listening on \\.\pipe\nx\C:\Users\toyos\AppData\Local\Temp\plugin10640-0-1211.5265.sock
[isolated-plugin] connected to worker for "C:\Users\toyos\Medicore-HMS\medicore-hms\node_modules\nx\dist\src\plugins\js" (pid: 13796)
[plugin-worker] "C:\Users\toyos\Medicore-HMS\medicore-hms\node_modules\nx\dist\src\plugins\js" (pid: 13796) connected
[NX v22.7.5 Daemon Server] - 2026-06-07T06:52:52.574Z - Time taken for 'start-plugin-worker:C:\Users\toyos\Medicore-HMS\medicore-hms\node_modules\nx\dist\src\plugins\js' 812.3571ms
[plugin-worker] "C:\Users\toyos\Medicore-HMS\medicore-hms\node_modules\nx\dist\src\plugins\package-json" (pid: 7532) listening on \\.\pipe\nx\C:\Users\toyos\AppData\Local\Temp\plugin10640-1-1229.703.sock
[1m[33mTime taken for 'plugin worker 7532 code loading' 677.2303ms[39m[22m
[1m[33mTime taken for 'plugin worker 13796 code loading' 688.9417ms[39m[22m
[isolated-plugin] connected to worker for "C:\Users\toyos\Medicore-HMS\medicore-hms\node_modules\nx\dist\src\plugins\package-json" (pid: 7532)
[NX v22.7.5 Daemon Server] - 2026-06-07T06:52:52.585Z - Time taken for 'start-plugin-worker:C:\Users\toyos\Medicore-HMS\medicore-hms\node_modules\nx\dist\src\plugins\package-json' 810.3954000000001ms
[plugin-worker] "C:\Users\toyos\Medicore-HMS\medicore-hms\node_modules\nx\dist\src\plugins\package-json" (pid: 7532) connected
[plugin-worker] "C:\Users\toyos\Medicore-HMS\medicore-hms\node_modules\nx\dist\src\plugins\project-json\build-nodes\project-json" (pid: 11684) listening on \\.\pipe\nx\C:\Users\toyos\AppData\Local\Temp\plugin10640-2-1242.4897.sock
[isolated-plugin] connected to worker for "C:\Users\toyos\Medicore-HMS\medicore-hms\node_modules\nx\dist\src\plugins\project-json\build-nodes\project-json" (pid: 11684)
[NX v22.7.5 Daemon Server] - 2026-06-07T06:52:52.627Z - Time taken for 'start-plugin-worker:C:\Users\toyos\Medicore-HMS\medicore-hms\node_modules\nx\dist\src\plugins\project-json\build-nodes\project-json' 841.1221ms
[plugin-worker] "C:\Users\toyos\Medicore-HMS\medicore-hms\node_modules\nx\dist\src\plugins\project-json\build-nodes\project-json" (pid: 11684) connected
[1m[33mTime taken for 'plugin worker 11684 code loading' 722.068ms[39m[22m
[plugin-worker] "C:\Users\toyos\Medicore-HMS\medicore-hms\node_modules\nx\dist\src\plugins\package-json" (pid: 7532) loaded successfully
[NX v22.7.5 Daemon Server] - 2026-06-07T06:52:53.181Z - Time taken for 'Load Nx Plugin: C:\Users\toyos\Medicore-HMS\medicore-hms\node_modules\nx\dist\src\plugins\package-json' 1431.3843ms
[plugin-worker] "C:\Users\toyos\Medicore-HMS\medicore-hms\node_modules\nx\dist\src\plugins\project-json\build-nodes\project-json" (pid: 11684) loaded successfully
[NX v22.7.5 Daemon Server] - 2026-06-07T06:52:53.218Z - Time taken for 'Load Nx Plugin: C:\Users\toyos\Medicore-HMS\medicore-hms\node_modules\nx\dist\src\plugins\project-json\build-nodes\project-json' 1462.6505ms
[plugin-worker] "C:\Users\toyos\Medicore-HMS\medicore-hms\node_modules\nx\dist\src\plugins\js" (pid: 13796) loaded successfully
[NX v22.7.5 Daemon Server] - 2026-06-07T06:52:53.235Z - [REQUEST]: Updated workspace context based on watched changes, recomputing project graph...
[NX v22.7.5 Daemon Server] - 2026-06-07T06:52:53.235Z - [REQUEST]: 
[NX v22.7.5 Daemon Server] - 2026-06-07T06:52:53.236Z - [REQUEST]: 
[NX v22.7.5 Daemon Server] - 2026-06-07T06:52:53.273Z - Time taken for 'loadDefaultNxPlugins' 1486.4834000000003ms
[NX v22.7.5 Daemon Server] - 2026-06-07T06:52:53.274Z - Time taken for 'Load Nx Plugin: C:\Users\toyos\Medicore-HMS\medicore-hms\node_modules\nx\dist\src\plugins\js' 1483.9792000000002ms
[NX v22.7.5 Daemon Server] - 2026-06-07T06:52:53.274Z - Time taken for 'hash changed files from watcher' 1.731499999999869ms
[1m[33mTime taken for 'nx/core/project-json:createNodes' 1.2915000000000418ms[39m[22m
[isolated-plugin] shutting down worker for "nx/core/project-json" after createNodes
[1m[33mTime taken for 'nx/core/package-json:createNodes' 5.059400000000096ms[39m[22m
[isolated-plugin] shutting down worker for "nx/core/package-json" after createNodes
[1m[33mTime taken for 'nx/js/dependencies-and-lockfile:createNodes' 105.35289999999986ms[39m[22m
[NX v22.7.5 Daemon Server] - 2026-06-07T06:52:53.515Z - Time taken for 'build-project-configs' 209.10759999999982ms
[NX v22.7.5 Daemon Server] - 2026-06-07T06:52:53.515Z - Time taken for 'createNodes:merge' 33.65340000000015ms
[NX v22.7.5 Daemon Server] - 2026-06-07T06:52:53.515Z - Time taken for 'native-file-deps' 0.024800000000141154ms
[NX v22.7.5 Daemon Server] - 2026-06-07T06:52:53.515Z - Time taken for 'get-workspace-files' 2.813999999999851ms
[NX v22.7.5 Daemon Server] - 2026-06-07T06:52:53.515Z - Time taken for 'get-all-workspace-files' 31.664200000000164ms
[NX v22.7.5 Daemon Server] - 2026-06-07T06:52:53.515Z - Time taken for 'read cache' 0.9484000000002197ms
[1m[33mTime taken for 'build typescript dependencies' 1.4429999999999836ms[39m[22m
[isolated-plugin] shutting down worker for "nx/js/dependencies-and-lockfile" after createDependencies
[NX v22.7.5 Daemon Server] - 2026-06-07T06:52:53.908Z - [SYNC]: collect registered sync generators
[NX v22.7.5 Daemon Server] - 2026-06-07T06:52:53.914Z - Time taken for 'total execution time for createProjectGraph()' 390.29410000000007ms
[NX v22.7.5 Daemon Server] - 2026-06-07T06:52:53.914Z - Time taken for 'createDependencies' 359.616ms
[NX v22.7.5 Daemon Server] - 2026-06-07T06:52:53.914Z - Time taken for 'nx/js/dependencies-and-lockfile:createDependencies' 358.5765000000001ms
[NX v22.7.5 Daemon Server] - 2026-06-07T06:52:53.914Z - Time taken for 'createMetadata' 0.17969999999968422ms
[NX v22.7.5 Daemon Server] - 2026-06-07T06:52:53.914Z - Time taken for 'serialize graph' 23.097699999999804ms
Fetching nx...
[NX v22.7.5 Daemon Server] - 2026-06-07T06:53:08.633Z - [LATEST-NX]: Successfully pulled latest Nx to C:\Users\toyos\AppData\Local\Temp\tmp-10640-E5j475qSwXyO
[NX v22.7.5 Daemon Server] - 2026-06-07T06:53:08.652Z - [NX-CONSOLE]: Using local implementation (NX_USE_LOCAL=true or inner call)
DEBUG nx::native::ide::preferences: Loaded console preferences: NxConsolePreferences { auto_install_console: Some(true), path: "C:\\Users\\toyos\\.nx\\ide.json" }
DEBUG nx::native::ide::install: Detected editor: VSCode
DEBUG nx::native::ide::install: Checking if Nx Console extension is installed with: code.cmd --list-extensions
[NX v22.7.5 Daemon Server] - 2026-06-07T06:53:08.654Z - [AI-AGENTS]: Failed to compute agent configuration status from latest Nx. Error: Only URLs with a scheme in: file, data, and node are supported by the default ESM loader. On Windows, absolute paths must be valid file:// URLs. Received protocol 'c:'
[NX v22.7.5 Daemon Server] - 2026-06-07T06:53:08.655Z - [AI-AGENTS]: Agent configuration status computation completed: 0 fully configured, 0 outdated, 0 partially configured, 0 non-configured
DEBUG nx::native::ide::install: Nx Console extension is installed
[NX v22.7.5 Daemon Server] - 2026-06-07T06:53:09.308Z - [NX-CONSOLE]: Console status check completed, shouldPrompt: false
[NX v22.7.5 Daemon Server] - 2026-06-07T06:53:41.606Z - Established a connection. Number of open connections: 1
[NX v22.7.5 Daemon Server] - 2026-06-07T06:53:41.608Z - Closed a connection. Number of open connections: 0
[NX v22.7.5 Daemon Server] - 2026-06-07T06:53:41.611Z - Established a connection. Number of open connections: 1
[NX v22.7.5 Daemon Server] - 2026-06-07T06:53:41.612Z - Closed a connection. Number of open connections: 0
[NX v22.7.5 Daemon Server] - 2026-06-07T06:53:41.612Z - Established a connection. Number of open connections: 1
[NX v22.7.5 Daemon Client] - 2026-06-07T06:53:41.608Z - [Messenger] Setting up socket listeners
[NX v22.7.5 Daemon Client] - 2026-06-07T06:53:41.612Z - [Messenger] listen() complete
[NX v22.7.5 Daemon Client] - 2026-06-07T06:53:42.555Z - [Messenger] Sending message type: GET_NX_CONSOLE_STATUS
[NX v22.7.5 Daemon Client] - 2026-06-07T06:53:42.556Z - [Messenger] Message sent
[NX v22.7.5 Daemon Server] - 2026-06-07T06:53:42.570Z - Received raw message of length 4629
[NX v22.7.5 Daemon Server] - 2026-06-07T06:53:42.570Z - Received json message of type GET_NX_CONSOLE_STATUS
[NX v22.7.5 Daemon Server] - 2026-06-07T06:53:42.571Z - Refreshing env var Path from client connection.
[NX v22.7.5 Daemon Server] - 2026-06-07T06:53:42.572Z - Graph recompute necessary due to env variable refresh
[NX v22.7.5 Daemon Server] - 2026-06-07T06:53:42.576Z - Serializing response for GET_NX_CONSOLE_STATUS message in json mode
[NX v22.7.5 Daemon Server] - 2026-06-07T06:53:42.576Z - Responding to GET_NX_CONSOLE_STATUS message
[NX v22.7.5 Daemon Server] - 2026-06-07T06:53:42.576Z - [REQUEST]: Responding to the client. handleGetNxConsoleStatus
[NX v22.7.5 Daemon Server] - 2026-06-07T06:53:42.577Z - Done responding to the client handleGetNxConsoleStatus
[NX v22.7.5 Daemon Server] - 2026-06-07T06:53:42.577Z - Handled json message GET_NX_CONSOLE_STATUS. Handling time: 1. Response time: 1.
[NX v22.7.5 Daemon Client] - 2026-06-07T06:53:42.573Z - [Messenger] Received message, length: 22
[NX v22.7.5 Daemon Client] - 2026-06-07T06:53:42.672Z - [Messenger] Sending message type: REQUEST_PROJECT_GRAPH
[NX v22.7.5 Daemon Client] - 2026-06-07T06:53:42.673Z - [Messenger] Message sent
[NX v22.7.5 Daemon Server] - 2026-06-07T06:53:42.682Z - Received raw message of length 32
[NX v22.7.5 Daemon Server] - 2026-06-07T06:53:42.683Z - Received json message of type REQUEST_PROJECT_GRAPH
[NX v22.7.5 Daemon Server] - 2026-06-07T06:53:42.683Z - [REQUEST]: Client Request for Project Graph Received
[NX v22.7.5 Daemon Server] - 2026-06-07T06:53:42.686Z - [REQUEST]: Updated workspace context based on watched changes, recomputing project graph...
[NX v22.7.5 Daemon Server] - 2026-06-07T06:53:42.686Z - [REQUEST]: 
[NX v22.7.5 Daemon Server] - 2026-06-07T06:53:42.686Z - [REQUEST]: 
[NX v22.7.5 Daemon Server] - 2026-06-07T06:53:42.688Z - No files changed, but no in-memory cached project graph found. Recomputing it...
[NX v22.7.5 Daemon Server] - 2026-06-07T06:53:42.689Z - Streaming message to client: progress update for topic graph-construction
[NX v22.7.5 Daemon Client] - 2026-06-07T06:53:42.685Z - [Messenger] Received message, length: 47
[plugin-client] restarting worker for "nx/js/dependencies-and-lockfile"
[isolated-plugin] spawned worker for "nx/js/dependencies-and-lockfile" (pid: 24076, socket: \\.\pipe\nx\C:\Users\toyos\AppData\Local\Temp\plugin10640-3-52149.7204.sock)
[plugin-client] restarting worker for "nx/core/package-json"
[isolated-plugin] spawned worker for "nx/core/package-json" (pid: 24316, socket: \\.\pipe\nx\C:\Users\toyos\AppData\Local\Temp\plugin10640-4-52161.3553.sock)
[plugin-client] restarting worker for "nx/core/project-json"
[isolated-plugin] spawned worker for "nx/core/project-json" (pid: 24196, socket: \\.\pipe\nx\C:\Users\toyos\AppData\Local\Temp\plugin10640-5-52171.6084.sock)
[NX v22.7.5 Daemon Server] - 2026-06-07T06:53:42.724Z - Time taken for 'hash changed files from watcher' 0.9591000000000349ms
[plugin-worker] "nx/core/package-json" (pid: 24316) listening on \\.\pipe\nx\C:\Users\toyos\AppData\Local\Temp\plugin10640-4-52161.3553.sock
[1m[33mTime taken for 'plugin worker 24316 code loading' 225.4405ms[39m[22m
[plugin-worker] "nx/js/dependencies-and-lockfile" (pid: 24076) listening on \\.\pipe\nx\C:\Users\toyos\AppData\Local\Temp\plugin10640-3-52149.7204.sock
[isolated-plugin] connected to worker for "nx/js/dependencies-and-lockfile" (pid: 24076)
[isolated-plugin] connected to worker for "nx/core/package-json" (pid: 24316)
[plugin-worker] "nx/core/package-json" (pid: 24316) connected
[1m[33mTime taken for 'plugin worker 24076 code loading' 237.4986ms[39m[22m
[plugin-worker] "nx/js/dependencies-and-lockfile" (pid: 24076) connected
[NX v22.7.5 Daemon Server] - 2026-06-07T06:53:43.001Z - Time taken for 'start-plugin-worker:nx/js/dependencies-and-lockfile' 305.7191000000021ms
[NX v22.7.5 Daemon Server] - 2026-06-07T06:53:43.001Z - Time taken for 'start-plugin-worker:nx/core/package-json' 295.0028999999995ms
[plugin-worker] "nx/core/project-json" (pid: 24196) listening on \\.\pipe\nx\C:\Users\toyos\AppData\Local\Temp\plugin10640-5-52171.6084.sock
[isolated-plugin] connected to worker for "nx/core/project-json" (pid: 24196)
[NX v22.7.5 Daemon Server] - 2026-06-07T06:53:43.009Z - Time taken for 'start-plugin-worker:nx/core/project-json' 293.709299999995ms
[plugin-worker] "nx/core/project-json" (pid: 24196) connected
[1m[33mTime taken for 'plugin worker 24196 code loading' 231.7242ms[39m[22m
[plugin-worker] "nx/core/project-json" (pid: 24196) loaded successfully
[plugin-worker] "nx/core/package-json" (pid: 24316) loaded successfully
[1m[33mTime taken for 'nx/core/project-json:createNodes' 0.9616000000000327ms[39m[22m
[isolated-plugin] shutting down worker for "nx/core/project-json" after createNodes
[NX v22.7.5 Daemon Server] - 2026-06-07T06:53:43.152Z - Streaming message to client: progress update for topic graph-construction
[NX v22.7.5 Daemon Client] - 2026-06-07T06:53:43.149Z - [Messenger] Received message, length: 153
[1m[33mTime taken for 'nx/core/package-json:createNodes' 2.6470999999999663ms[39m[22m
[isolated-plugin] shutting down worker for "nx/core/package-json" after createNodes
[NX v22.7.5 Daemon Server] - 2026-06-07T06:53:43.157Z - Streaming message to client: progress update for topic graph-construction
[NX v22.7.5 Daemon Client] - 2026-06-07T06:53:43.154Z - [Messenger] Received message, length: 112
[plugin-worker] "nx/js/dependencies-and-lockfile" (pid: 24076) loaded successfully
[1m[33mTime taken for 'nx/js/dependencies-and-lockfile:createNodes' 10.77800000000002ms[39m[22m
[NX v22.7.5 Daemon Server] - 2026-06-07T06:53:43.205Z - Streaming message to client: progress update for topic graph-construction
[NX v22.7.5 Daemon Client] - 2026-06-07T06:53:43.202Z - [Messenger] Received message, length: 47
[NX v22.7.5 Daemon Server] - 2026-06-07T06:53:43.227Z - Streaming message to client: progress update for topic graph-construction
[NX v22.7.5 Daemon Server] - 2026-06-07T06:53:43.234Z - Time taken for 'build-project-configs' 522.2197999999989ms
[NX v22.7.5 Daemon Server] - 2026-06-07T06:53:43.234Z - Time taken for 'createNodes:merge' 4.496899999998277ms
[NX v22.7.5 Daemon Server] - 2026-06-07T06:53:43.235Z - Time taken for 'get-all-workspace-files' 0.6548000000038883ms
[NX v22.7.5 Daemon Client] - 2026-06-07T06:53:43.235Z - [Messenger] Received message, length: 47
[1m[33mTime taken for 'build typescript dependencies' 0.20549999999991542ms[39m[22m
[isolated-plugin] shutting down worker for "nx/js/dependencies-and-lockfile" after createDependencies
[NX v22.7.5 Daemon Server] - 2026-06-07T06:53:43.255Z - Streaming message to client: progress update for topic graph-construction
[NX v22.7.5 Daemon Client] - 2026-06-07T06:53:43.251Z - [Messenger] Received message, length: 47
[NX v22.7.5 Daemon Server] - 2026-06-07T06:53:43.326Z - Wrote project graph cache to C:\Users\toyos\Medicore-HMS\medicore-hms\.nx\workspace-data\project-graph.json
[NX v22.7.5 Daemon Server] - 2026-06-07T06:53:43.327Z - Serializing response for REQUEST_PROJECT_GRAPH message in json mode
[NX v22.7.5 Daemon Server] - 2026-06-07T06:53:43.327Z - Responding to REQUEST_PROJECT_GRAPH message
[NX v22.7.5 Daemon Server] - 2026-06-07T06:53:43.327Z - [REQUEST]: Responding to the client. project-graph
[NX v22.7.5 Daemon Server] - 2026-06-07T06:53:43.330Z - Time taken for 'total for creating and serializing project graph' 643.8096000000005ms
[NX v22.7.5 Daemon Server] - 2026-06-07T06:53:43.330Z - Time taken for 'total execution time for createProjectGraph()' 49.31810000000405ms
[NX v22.7.5 Daemon Server] - 2026-06-07T06:53:43.330Z - Time taken for 'createDependencies' 35.54690000000119ms
[NX v22.7.5 Daemon Server] - 2026-06-07T06:53:43.330Z - Time taken for 'nx/js/dependencies-and-lockfile:createDependencies' 34.835800000000745ms
[NX v22.7.5 Daemon Server] - 2026-06-07T06:53:43.330Z - Time taken for 'createMetadata' 0.02509999999892898ms
[NX v22.7.5 Daemon Server] - 2026-06-07T06:53:43.330Z - Time taken for 'serialize graph' 12.347500000003492ms
[NX v22.7.5 Daemon Server] - 2026-06-07T06:53:43.330Z - Time taken for 'write cache' 50.50660000000062ms
[NX v22.7.5 Daemon Server] - 2026-06-07T06:53:43.339Z - Done responding to the client project-graph
[NX v22.7.5 Daemon Server] - 2026-06-07T06:53:43.340Z - Handled json message REQUEST_PROJECT_GRAPH. Handling time: 644. Response time: 13.
[NX v22.7.5 Daemon Client] - 2026-06-07T06:53:43.336Z - [Messenger] Received message, length: 708941
[NX v22.7.5 Daemon Server] - 2026-06-07T06:53:43.526Z - Closed a connection. Number of open connections: 0
[NX v22.7.5 Daemon Server] - 2026-06-07T06:54:59.105Z - [WATCHER]: Processing file changes in outputs
[NX v22.7.5 Daemon Server] - 2026-06-07T06:54:59.106Z - [WATCHER]: apps/medicore-app/project.json was created or restored
[NX v22.7.5 Daemon Server] - 2026-06-07T06:54:59.106Z - [WATCHER]: File changes detected:
Created:
  - apps/medicore-app/project.json
Updated:
(none)
Deleted:
(none)
[NX v22.7.5 Daemon Server] - 2026-06-07T06:54:59.107Z - [SYNC]: clearing sync generators cache due to file changes
[NX v22.7.5 Daemon Server] - 2026-06-07T06:54:59.218Z - [REQUEST]: Updated workspace context based on watched changes, recomputing project graph...
[NX v22.7.5 Daemon Server] - 2026-06-07T06:54:59.218Z - [REQUEST]: apps/medicore-app/project.json
[NX v22.7.5 Daemon Server] - 2026-06-07T06:54:59.218Z - [REQUEST]: 
[plugin-client] restarting worker for "nx/js/dependencies-and-lockfile"
[isolated-plugin] spawned worker for "nx/js/dependencies-and-lockfile" (pid: 3432, socket: \\.\pipe\nx\C:\Users\toyos\AppData\Local\Temp\plugin10640-6-128680.102.sock)
[plugin-client] restarting worker for "nx/core/package-json"
[isolated-plugin] spawned worker for "nx/core/package-json" (pid: 23520, socket: \\.\pipe\nx\C:\Users\toyos\AppData\Local\Temp\plugin10640-7-128693.8848.sock)
[plugin-client] restarting worker for "nx/core/project-json"
[isolated-plugin] spawned worker for "nx/core/project-json" (pid: 24536, socket: \\.\pipe\nx\C:\Users\toyos\AppData\Local\Temp\plugin10640-8-128703.5386.sock)
[NX v22.7.5 Daemon Server] - 2026-06-07T06:54:59.256Z - Time taken for 'hash changed files from watcher' 0.6305999999894993ms
[NX v22.7.5 Daemon Server] - 2026-06-07T06:55:00.533Z - [WATCHER]: 0 file(s) created or restored, 0 file(s) modified, 0 file(s) deleted
[NX v22.7.5 Daemon Server] - 2026-06-07T06:55:00.748Z - [REQUEST]: Updated workspace context based on watched changes, recomputing project graph...
[NX v22.7.5 Daemon Server] - 2026-06-07T06:55:00.748Z - [REQUEST]: apps/medicore-app/project.json
[NX v22.7.5 Daemon Server] - 2026-06-07T06:55:00.748Z - [REQUEST]: 
[NX v22.7.5 Daemon Server] - 2026-06-07T06:55:00.776Z - Time taken for 'hash changed files from watcher' 1.5586999999941327ms
[plugin-worker] "nx/core/project-json" (pid: 24536) listening on \\.\pipe\nx\C:\Users\toyos\AppData\Local\Temp\plugin10640-8-128703.5386.sock
[plugin-worker] "nx/js/dependencies-and-lockfile" (pid: 3432) listening on \\.\pipe\nx\C:\Users\toyos\AppData\Local\Temp\plugin10640-6-128680.102.sock
[plugin-worker] "nx/core/package-json" (pid: 23520) listening on \\.\pipe\nx\C:\Users\toyos\AppData\Local\Temp\plugin10640-7-128693.8848.sock
[1m[33mTime taken for 'plugin worker 24536 code loading' 1810.2150000000001ms[39m[22m
[isolated-plugin] connected to worker for "nx/js/dependencies-and-lockfile" (pid: 3432)
[isolated-plugin] connected to worker for "nx/core/package-json" (pid: 23520)
[isolated-plugin] connected to worker for "nx/core/project-json" (pid: 24536)
[1m[33mTime taken for 'plugin worker 3432 code loading' 1980.5299ms[39m[22m
[plugin-worker] "nx/js/dependencies-and-lockfile" (pid: 3432) connected
[1m[33mTime taken for 'plugin worker 23520 code loading' 1813.9308ms[39m[22m
[plugin-worker] "nx/core/package-json" (pid: 23520) connected
[plugin-worker] "nx/core/project-json" (pid: 24536) connected
[NX v22.7.5 Daemon Server] - 2026-06-07T06:55:01.329Z - Time taken for 'start-plugin-worker:nx/js/dependencies-and-lockfile' 2092.059300000008ms
[NX v22.7.5 Daemon Server] - 2026-06-07T06:55:01.329Z - Time taken for 'start-plugin-worker:nx/core/package-json' 2082.561300000001ms
[NX v22.7.5 Daemon Server] - 2026-06-07T06:55:01.329Z - Time taken for 'start-plugin-worker:nx/core/project-json' 2080.198399999994ms
[plugin-worker] "nx/core/project-json" (pid: 24536) loaded successfully
[plugin-worker] "nx/core/package-json" (pid: 23520) loaded successfully
[1m[33mTime taken for 'nx/core/project-json:createNodes' 2.727900000000318ms[39m[22m
[1m[33mTime taken for 'nx/core/project-json:createNodes' 3.2085000000001855ms[39m[22m
[isolated-plugin] shutting down worker for "nx/core/project-json" after createNodes
[1m[33mTime taken for 'nx/core/package-json:createNodes' 26.58010000000013ms[39m[22m
[1m[33mTime taken for 'nx/core/package-json:createNodes' 27.36959999999999ms[39m[22m
[isolated-plugin] shutting down worker for "nx/core/package-json" after createNodes
[plugin-worker] "nx/js/dependencies-and-lockfile" (pid: 3432) loaded successfully
[1m[33mTime taken for 'nx/js/dependencies-and-lockfile:createNodes' 34.24260000000004ms[39m[22m
[1m[33mTime taken for 'nx/js/dependencies-and-lockfile:createNodes' 35.167799999999716ms[39m[22m
[NX v22.7.5 Daemon Server] - 2026-06-07T06:55:02.948Z - Time taken for 'build-project-configs' 2095.8021000000153ms
[NX v22.7.5 Daemon Server] - 2026-06-07T06:55:02.949Z - Time taken for 'build-project-configs' 2107.8282000000036ms
[NX v22.7.5 Daemon Server] - 2026-06-07T06:55:02.950Z - Time taken for 'createNodes:merge' 25.615099999995437ms
[NX v22.7.5 Daemon Server] - 2026-06-07T06:55:02.950Z - Time taken for 'createNodes:merge' 10.20260000001872ms
[NX v22.7.5 Daemon Server] - 2026-06-07T06:55:02.950Z - Time taken for 'native-file-deps' 0.02550000001792796ms
[NX v22.7.5 Daemon Server] - 2026-06-07T06:55:02.950Z - Time taken for 'get-workspace-files' 10.71809999999823ms
[NX v22.7.5 Daemon Server] - 2026-06-07T06:55:02.950Z - Time taken for 'get-all-workspace-files' 0.4770000000135042ms
[1m[33mTime taken for 'build typescript dependencies' 1056.4267ms[39m[22m
[isolated-plugin] shutting down worker for "nx/js/dependencies-and-lockfile" after createDependencies
[NX v22.7.5 Daemon Server] - 2026-06-07T06:55:04.154Z - Time taken for 'total execution time for createProjectGraph()' 1257.189000000013ms
[NX v22.7.5 Daemon Server] - 2026-06-07T06:55:04.155Z - Time taken for 'createDependencies' 1197.3078999999852ms
[NX v22.7.5 Daemon Server] - 2026-06-07T06:55:04.155Z - Time taken for 'nx/js/dependencies-and-lockfile:createDependencies' 1196.9242999999842ms
[NX v22.7.5 Daemon Server] - 2026-06-07T06:55:04.155Z - Time taken for 'createMetadata' 0.047599999990779907ms
[NX v22.7.5 Daemon Server] - 2026-06-07T06:55:04.155Z - Time taken for 'serialize graph' 16.477899999998044ms
[NX v22.7.5 Daemon Server] - 2026-06-07T06:56:02.072Z - [WATCHER]: Processing file changes in outputs
[NX v22.7.5 Daemon Server] - 2026-06-07T06:56:02.072Z - [WATCHER]: apps/medicore-app/project.json was modified
[NX v22.7.5 Daemon Server] - 2026-06-07T06:56:02.072Z - [WATCHER]: File changes detected:
Created:
(none)
Updated:
  - apps/medicore-app/project.json
Deleted:
(none)
[NX v22.7.5 Daemon Server] - 2026-06-07T06:56:02.073Z - [SYNC]: clearing sync generators cache due to file changes
[NX v22.7.5 Daemon Server] - 2026-06-07T06:56:02.492Z - [REQUEST]: Updated workspace context based on watched changes, recomputing project graph...
[NX v22.7.5 Daemon Server] - 2026-06-07T06:56:02.492Z - [REQUEST]: apps/medicore-app/project.json
[NX v22.7.5 Daemon Server] - 2026-06-07T06:56:02.492Z - [REQUEST]: 
[plugin-client] restarting worker for "nx/js/dependencies-and-lockfile"
[isolated-plugin] spawned worker for "nx/js/dependencies-and-lockfile" (pid: 18164, socket: \\.\pipe\nx\C:\Users\toyos\AppData\Local\Temp\plugin10640-9-191960.081.sock)
[plugin-client] restarting worker for "nx/core/package-json"
[isolated-plugin] spawned worker for "nx/core/package-json" (pid: 12356, socket: \\.\pipe\nx\C:\Users\toyos\AppData\Local\Temp\plugin10640-10-191983.7913.sock)
[plugin-client] restarting worker for "nx/core/project-json"
[isolated-plugin] spawned worker for "nx/core/project-json" (pid: 6440, socket: \\.\pipe\nx\C:\Users\toyos\AppData\Local\Temp\plugin10640-11-192019.164.sock)
[NX v22.7.5 Daemon Server] - 2026-06-07T06:56:02.668Z - Time taken for 'hash changed files from watcher' 1.06950000001234ms
[isolated-plugin] connected to worker for "nx/js/dependencies-and-lockfile" (pid: 18164)
[plugin-worker] "nx/js/dependencies-and-lockfile" (pid: 18164) listening on \\.\pipe\nx\C:\Users\toyos\AppData\Local\Temp\plugin10640-9-191960.081.sock
[plugin-worker] "nx/js/dependencies-and-lockfile" (pid: 18164) connected
[1m[33mTime taken for 'plugin worker 18164 code loading' 1391.5341ms[39m[22m
[plugin-worker] "nx/core/package-json" (pid: 12356) listening on \\.\pipe\nx\C:\Users\toyos\AppData\Local\Temp\plugin10640-10-191983.7913.sock
[1m[33mTime taken for 'plugin worker 12356 code loading' 1375.4997999999998ms[39m[22m
[NX v22.7.5 Daemon Server] - 2026-06-07T06:56:04.180Z - Time taken for 'start-plugin-worker:nx/js/dependencies-and-lockfile' 1675.6661999999778ms
[isolated-plugin] connected to worker for "nx/core/package-json" (pid: 12356)
[NX v22.7.5 Daemon Server] - 2026-06-07T06:56:04.197Z - Time taken for 'start-plugin-worker:nx/core/package-json' 1669.4562999999907ms
[plugin-worker] "nx/core/package-json" (pid: 12356) connected
[plugin-worker] "nx/core/project-json" (pid: 6440) listening on \\.\pipe\nx\C:\Users\toyos\AppData\Local\Temp\plugin10640-11-192019.164.sock
[isolated-plugin] connected to worker for "nx/core/project-json" (pid: 6440)
[1m[33mTime taken for 'plugin worker 6440 code loading' 1470.437ms[39m[22m
[plugin-worker] "nx/core/project-json" (pid: 6440) connected
[NX v22.7.5 Daemon Server] - 2026-06-07T06:56:04.381Z - Time taken for 'start-plugin-worker:nx/core/project-json' 1820.6431000000157ms
[plugin-worker] "nx/core/project-json" (pid: 6440) loaded successfully
[1m[33mTime taken for 'nx/core/project-json:createNodes' 2.8114000000000487ms[39m[22m
[isolated-plugin] shutting down worker for "nx/core/project-json" after createNodes
[plugin-worker] "nx/core/package-json" (pid: 12356) loaded successfully
[1m[33mTime taken for 'nx/core/package-json:createNodes' 15.073100000000068ms[39m[22m
[isolated-plugin] shutting down worker for "nx/core/package-json" after createNodes
[plugin-worker] "nx/js/dependencies-and-lockfile" (pid: 18164) loaded successfully
[1m[33mTime taken for 'nx/js/dependencies-and-lockfile:createNodes' 43.560799999999745ms[39m[22m
[NX v22.7.5 Daemon Server] - 2026-06-07T06:56:05.411Z - Time taken for 'build-project-configs' 2884.3800000000047ms
[NX v22.7.5 Daemon Server] - 2026-06-07T06:56:05.412Z - Time taken for 'createNodes:merge' 8.576299999986077ms
[NX v22.7.5 Daemon Server] - 2026-06-07T06:56:05.412Z - Time taken for 'native-file-deps' 0.030200000008335337ms
[NX v22.7.5 Daemon Server] - 2026-06-07T06:56:05.412Z - Time taken for 'get-workspace-files' 1.5698000000265893ms
[NX v22.7.5 Daemon Server] - 2026-06-07T06:56:05.413Z - Time taken for 'get-all-workspace-files' 0.33030000000144355ms
[1m[33mTime taken for 'build typescript dependencies' 22.090500000000247ms[39m[22m
[isolated-plugin] shutting down worker for "nx/js/dependencies-and-lockfile" after createDependencies
[NX v22.7.5 Daemon Server] - 2026-06-07T06:56:05.540Z - [SYNC]: collect registered sync generators
[NX v22.7.5 Daemon Server] - 2026-06-07T06:56:05.545Z - [SYNC]: nx.json hash is the same, not collecting global sync generators
[NX v22.7.5 Daemon Server] - 2026-06-07T06:56:05.546Z - Time taken for 'total execution time for createProjectGraph()' 139.4715000000142ms
[NX v22.7.5 Daemon Server] - 2026-06-07T06:56:05.547Z - Time taken for 'createDependencies' 120.67160000000149ms
[NX v22.7.5 Daemon Server] - 2026-06-07T06:56:05.547Z - Time taken for 'nx/js/dependencies-and-lockfile:createDependencies' 120.33219999997527ms
[NX v22.7.5 Daemon Server] - 2026-06-07T06:56:05.547Z - Time taken for 'createMetadata' 0.06709999998565763ms
[NX v22.7.5 Daemon Server] - 2026-06-07T06:56:05.547Z - Time taken for 'serialize graph' 14.943299999984447ms
[NX v22.7.5 Daemon Server] - 2026-06-07T06:56:44.763Z - [WATCHER]: Processing file changes in outputs
[NX v22.7.5 Daemon Server] - 2026-06-07T06:56:44.765Z - [WATCHER]: apps/medicore-server/project.json was created or restored
[NX v22.7.5 Daemon Server] - 2026-06-07T06:56:44.766Z - [WATCHER]: File changes detected:
Created:
  - apps/medicore-server/project.json
Updated:
(none)
Deleted:
(none)
[NX v22.7.5 Daemon Server] - 2026-06-07T06:56:44.766Z - [SYNC]: clearing sync generators cache due to file changes
[NX v22.7.5 Daemon Server] - 2026-06-07T06:56:44.871Z - [REQUEST]: Updated workspace context based on watched changes, recomputing project graph...
[NX v22.7.5 Daemon Server] - 2026-06-07T06:56:44.871Z - [REQUEST]: apps/medicore-server/project.json
[NX v22.7.5 Daemon Server] - 2026-06-07T06:56:44.871Z - [REQUEST]: 
[plugin-client] restarting worker for "nx/js/dependencies-and-lockfile"
[isolated-plugin] spawned worker for "nx/js/dependencies-and-lockfile" (pid: 17884, socket: \\.\pipe\nx\C:\Users\toyos\AppData\Local\Temp\plugin10640-12-234334.8528.sock)
[plugin-client] restarting worker for "nx/core/package-json"
[isolated-plugin] spawned worker for "nx/core/package-json" (pid: 24260, socket: \\.\pipe\nx\C:\Users\toyos\AppData\Local\Temp\plugin10640-13-234351.5064.sock)
[plugin-client] restarting worker for "nx/core/project-json"
[isolated-plugin] spawned worker for "nx/core/project-json" (pid: 14900, socket: \\.\pipe\nx\C:\Users\toyos\AppData\Local\Temp\plugin10640-14-234361.6053.sock)
[NX v22.7.5 Daemon Server] - 2026-06-07T06:56:44.919Z - Time taken for 'hash changed files from watcher' 1.0934999999881256ms
[plugin-worker] "nx/js/dependencies-and-lockfile" (pid: 17884) listening on \\.\pipe\nx\C:\Users\toyos\AppData\Local\Temp\plugin10640-12-234334.8528.sock
[1m[33mTime taken for 'plugin worker 17884 code loading' 1068.8904ms[39m[22m
[isolated-plugin] connected to worker for "nx/js/dependencies-and-lockfile" (pid: 17884)
[NX v22.7.5 Daemon Server] - 2026-06-07T06:56:46.081Z - Time taken for 'start-plugin-worker:nx/js/dependencies-and-lockfile' 1203.709899999987ms
[plugin-worker] "nx/js/dependencies-and-lockfile" (pid: 17884) connected
[isolated-plugin] connected to worker for "nx/core/package-json" (pid: 24260)
[plugin-worker] "nx/core/package-json" (pid: 24260) listening on \\.\pipe\nx\C:\Users\toyos\AppData\Local\Temp\plugin10640-13-234351.5064.sock
[NX v22.7.5 Daemon Server] - 2026-06-07T06:56:46.208Z - Time taken for 'start-plugin-worker:nx/core/package-json' 1312.750800000009ms
[plugin-worker] "nx/core/package-json" (pid: 24260) connected
[1m[33mTime taken for 'plugin worker 24260 code loading' 1185.1125000000002ms[39m[22m
[plugin-worker] "nx/core/project-json" (pid: 14900) listening on \\.\pipe\nx\C:\Users\toyos\AppData\Local\Temp\plugin10640-14-234361.6053.sock
[1m[33mTime taken for 'plugin worker 14900 code loading' 1235.0938ms[39m[22m
[isolated-plugin] connected to worker for "nx/core/project-json" (pid: 14900)
[NX v22.7.5 Daemon Server] - 2026-06-07T06:56:46.323Z - Time taken for 'start-plugin-worker:nx/core/project-json' 1417.3762999999744ms
[plugin-worker] "nx/core/project-json" (pid: 14900) connected
[plugin-worker] "nx/core/package-json" (pid: 24260) loaded successfully
[1m[33mTime taken for 'nx/core/package-json:createNodes' 21.561499999999796ms[39m[22m
[isolated-plugin] shutting down worker for "nx/core/package-json" after createNodes
[plugin-worker] "nx/core/project-json" (pid: 14900) loaded successfully
[1m[33mTime taken for 'nx/core/project-json:createNodes' 17.108600000000024ms[39m[22m
[isolated-plugin] shutting down worker for "nx/core/project-json" after createNodes
[plugin-worker] "nx/js/dependencies-and-lockfile" (pid: 17884) loaded successfully
[1m[33mTime taken for 'nx/js/dependencies-and-lockfile:createNodes' 65.2235999999998ms[39m[22m
[NX v22.7.5 Daemon Server] - 2026-06-07T06:56:47.355Z - Time taken for 'build-project-configs' 2450.3322000000044ms
[NX v22.7.5 Daemon Server] - 2026-06-07T06:56:47.355Z - Time taken for 'createNodes:merge' 13.91359999999986ms
[NX v22.7.5 Daemon Server] - 2026-06-07T06:56:47.355Z - Time taken for 'native-file-deps' 0.03889999998500571ms
[NX v22.7.5 Daemon Server] - 2026-06-07T06:56:47.355Z - Time taken for 'get-workspace-files' 6.961600000009639ms
[NX v22.7.5 Daemon Server] - 2026-06-07T06:56:47.355Z - Time taken for 'get-all-workspace-files' 0.35740000000805594ms
[1m[33mTime taken for 'build typescript dependencies' 1186.7049000000002ms[39m[22m
[isolated-plugin] shutting down worker for "nx/js/dependencies-and-lockfile" after createDependencies
[NX v22.7.5 Daemon Server] - 2026-06-07T06:56:48.684Z - Time taken for 'total execution time for createProjectGraph()' 1328.193799999979ms
[NX v22.7.5 Daemon Server] - 2026-06-07T06:56:48.684Z - Time taken for 'createDependencies' 1305.8341000000073ms
[NX v22.7.5 Daemon Server] - 2026-06-07T06:56:48.684Z - Time taken for 'nx/js/dependencies-and-lockfile:createDependencies' 1305.6125000000175ms
[NX v22.7.5 Daemon Server] - 2026-06-07T06:56:48.684Z - Time taken for 'createMetadata' 0.02470000000903383ms
[NX v22.7.5 Daemon Server] - 2026-06-07T06:56:48.685Z - Time taken for 'serialize graph' 18.703999999997905ms
[NX v22.7.5 Daemon Server] - 2026-06-07T06:56:52.836Z - [WATCHER]: apps/medicore-server/project.json was modified
[NX v22.7.5 Daemon Server] - 2026-06-07T06:56:52.841Z - [WATCHER]: File changes detected:
Created:
(none)
Updated:
  - apps/medicore-server/project.json
Deleted:
(none)
[NX v22.7.5 Daemon Server] - 2026-06-07T06:56:52.843Z - [SYNC]: clearing sync generators cache due to file changes
[NX v22.7.5 Daemon Server] - 2026-06-07T06:56:52.843Z - [WATCHER]: Processing file changes in outputs
[NX v22.7.5 Daemon Server] - 2026-06-07T06:56:53.078Z - [REQUEST]: Updated workspace context based on watched changes, recomputing project graph...
[NX v22.7.5 Daemon Server] - 2026-06-07T06:56:53.078Z - [REQUEST]: apps/medicore-server/project.json
[NX v22.7.5 Daemon Server] - 2026-06-07T06:56:53.078Z - [REQUEST]: 
[plugin-client] restarting worker for "nx/js/dependencies-and-lockfile"
[isolated-plugin] spawned worker for "nx/js/dependencies-and-lockfile" (pid: 23380, socket: \\.\pipe\nx\C:\Users\toyos\AppData\Local\Temp\plugin10640-15-242552.773.sock)
[plugin-client] restarting worker for "nx/core/package-json"
[isolated-plugin] spawned worker for "nx/core/package-json" (pid: 7048, socket: \\.\pipe\nx\C:\Users\toyos\AppData\Local\Temp\plugin10640-16-242569.5074.sock)
[plugin-client] restarting worker for "nx/core/project-json"
[isolated-plugin] spawned worker for "nx/core/project-json" (pid: 14748, socket: \\.\pipe\nx\C:\Users\toyos\AppData\Local\Temp\plugin10640-17-242594.6864.sock)
[NX v22.7.5 Daemon Server] - 2026-06-07T06:56:53.245Z - Time taken for 'hash changed files from watcher' 5.031300000002375ms
[NX v22.7.5 Daemon Server] - 2026-06-07T06:56:54.584Z - [WATCHER]: Processing file changes in outputs
[NX v22.7.5 Daemon Server] - 2026-06-07T06:56:54.585Z - [WATCHER]: apps/medicore-server/project.json was modified
[NX v22.7.5 Daemon Server] - 2026-06-07T06:56:54.585Z - [WATCHER]: File changes detected:
Created:
(none)
Updated:
  - apps/medicore-server/project.json
Deleted:
(none)
[NX v22.7.5 Daemon Server] - 2026-06-07T06:56:54.586Z - [SYNC]: clearing sync generators cache due to file changes
[NX v22.7.5 Daemon Server] - 2026-06-07T06:56:55.001Z - [REQUEST]: Updated workspace context based on watched changes, recomputing project graph...
[NX v22.7.5 Daemon Server] - 2026-06-07T06:56:55.002Z - [REQUEST]: apps/medicore-server/project.json
[NX v22.7.5 Daemon Server] - 2026-06-07T06:56:55.002Z - [REQUEST]: 
[NX v22.7.5 Daemon Server] - 2026-06-07T06:56:55.013Z - Time taken for 'hash changed files from watcher' 0.8594000000157394ms
[isolated-plugin] connected to worker for "nx/core/package-json" (pid: 7048)
[plugin-worker] "nx/core/package-json" (pid: 7048) listening on \\.\pipe\nx\C:\Users\toyos\AppData\Local\Temp\plugin10640-16-242569.5074.sock
[1m[33mTime taken for 'plugin worker 7048 code loading' 2073.0801ms[39m[22m
[NX v22.7.5 Daemon Server] - 2026-06-07T06:56:55.473Z - Time taken for 'start-plugin-worker:nx/core/package-json' 2360.630300000019ms
[plugin-worker] "nx/core/package-json" (pid: 7048) connected
[plugin-worker] "nx/js/dependencies-and-lockfile" (pid: 23380) listening on \\.\pipe\nx\C:\Users\toyos\AppData\Local\Temp\plugin10640-15-242552.773.sock
[1m[33mTime taken for 'plugin worker 23380 code loading' 2608.5694000000003ms[39m[22m
[isolated-plugin] connected to worker for "nx/js/dependencies-and-lockfile" (pid: 23380)
[NX v22.7.5 Daemon Server] - 2026-06-07T06:56:55.932Z - Time taken for 'start-plugin-worker:nx/js/dependencies-and-lockfile' 2839.0701999999874ms
[plugin-worker] "nx/js/dependencies-and-lockfile" (pid: 23380) connected
[plugin-worker] "nx/core/project-json" (pid: 14748) listening on \\.\pipe\nx\C:\Users\toyos\AppData\Local\Temp\plugin10640-17-242594.6864.sock
[isolated-plugin] connected to worker for "nx/core/project-json" (pid: 14748)
[NX v22.7.5 Daemon Server] - 2026-06-07T06:56:56.611Z - Time taken for 'start-plugin-worker:nx/core/project-json' 3473.533400000015ms
[plugin-worker] "nx/core/project-json" (pid: 14748) connected
[1m[33mTime taken for 'plugin worker 14748 code loading' 2519.6347ms[39m[22m
[plugin-worker] "nx/core/package-json" (pid: 7048) loaded successfully
[1m[33mTime taken for 'nx/core/package-json:createNodes' 8.537699999999859ms[39m[22m
[1m[33mTime taken for 'nx/core/package-json:createNodes' 9.251399999999649ms[39m[22m
[isolated-plugin] shutting down worker for "nx/core/package-json" after createNodes
[plugin-worker] "nx/js/dependencies-and-lockfile" (pid: 23380) loaded successfully
[plugin-worker] "nx/core/project-json" (pid: 14748) loaded successfully
[1m[33mTime taken for 'nx/js/dependencies-and-lockfile:createNodes' 48.90589999999975ms[39m[22m
[1m[33mTime taken for 'nx/js/dependencies-and-lockfile:createNodes' 49.59869999999955ms[39m[22m
[1m[33mTime taken for 'nx/core/project-json:createNodes' 2.264299999999821ms[39m[22m
[1m[33mTime taken for 'nx/core/project-json:createNodes' 2.840400000000045ms[39m[22m
[isolated-plugin] shutting down worker for "nx/core/project-json" after createNodes
[NX v22.7.5 Daemon Server] - 2026-06-07T06:56:57.840Z - [WATCHER]: apps/medicore-server/project.json was modified
[NX v22.7.5 Daemon Server] - 2026-06-07T06:56:57.841Z - [WATCHER]: File changes detected:
Created:
(none)
Updated:
  - apps/medicore-server/project.json
Deleted:
(none)
[NX v22.7.5 Daemon Server] - 2026-06-07T06:56:57.841Z - [SYNC]: clearing sync generators cache due to file changes
[NX v22.7.5 Daemon Server] - 2026-06-07T06:56:57.844Z - [WATCHER]: Processing file changes in outputs
[NX v22.7.5 Daemon Server] - 2026-06-07T06:56:57.846Z - Time taken for 'build-project-configs' 2774.8502000000153ms
[NX v22.7.5 Daemon Server] - 2026-06-07T06:56:57.846Z - Time taken for 'build-project-configs' 2780.0795000000217ms
[NX v22.7.5 Daemon Server] - 2026-06-07T06:56:57.846Z - Time taken for 'createNodes:merge' 12.851499999989755ms
[NX v22.7.5 Daemon Server] - 2026-06-07T06:56:57.846Z - Time taken for 'createNodes:merge' 4.681699999986449ms
[NX v22.7.5 Daemon Server] - 2026-06-07T06:56:57.846Z - Time taken for 'native-file-deps' 0.037099999986821786ms
[NX v22.7.5 Daemon Server] - 2026-06-07T06:56:57.846Z - Time taken for 'get-workspace-files' 9.771500000002561ms
[NX v22.7.5 Daemon Server] - 2026-06-07T06:56:57.846Z - Time taken for 'get-all-workspace-files' 0.24169999998412095ms
[1m[33mTime taken for 'build typescript dependencies' 0.4400000000005093ms[39m[22m
[isolated-plugin] shutting down worker for "nx/js/dependencies-and-lockfile" after createDependencies
[NX v22.7.5 Daemon Server] - 2026-06-07T06:56:58.003Z - [SYNC]: collect registered sync generators
[NX v22.7.5 Daemon Server] - 2026-06-07T06:56:58.006Z - [SYNC]: nx.json hash is the same, not collecting global sync generators
[NX v22.7.5 Daemon Server] - 2026-06-07T06:56:58.006Z - [SYNC]: collect registered sync generators
[NX v22.7.5 Daemon Server] - 2026-06-07T06:56:58.011Z - [SYNC]: project graph hash is the same, not collecting task sync generators
[NX v22.7.5 Daemon Server] - 2026-06-07T06:56:58.013Z - [SYNC]: nx.json hash is the same, not collecting global sync generators
[NX v22.7.5 Daemon Server] - 2026-06-07T06:56:58.015Z - Time taken for 'total execution time for createProjectGraph()' 192.5283000000054ms
[NX v22.7.5 Daemon Server] - 2026-06-07T06:56:58.015Z - Time taken for 'createDependencies' 161.8514000000141ms
[NX v22.7.5 Daemon Server] - 2026-06-07T06:56:58.015Z - Time taken for 'nx/js/dependencies-and-lockfile:createDependencies' 161.55749999999534ms
[NX v22.7.5 Daemon Server] - 2026-06-07T06:56:58.016Z - Time taken for 'createMetadata' 0.02470000000903383ms
[NX v22.7.5 Daemon Server] - 2026-06-07T06:56:58.016Z - Time taken for 'serialize graph' 10.895099999994272ms
[NX v22.7.5 Daemon Server] - 2026-06-07T06:56:58.645Z - [REQUEST]: Updated workspace context based on watched changes, recomputing project graph...
[NX v22.7.5 Daemon Server] - 2026-06-07T06:56:58.646Z - [REQUEST]: apps/medicore-server/project.json
[NX v22.7.5 Daemon Server] - 2026-06-07T06:56:58.646Z - [REQUEST]: 
[plugin-client] restarting worker for "nx/js/dependencies-and-lockfile"
[isolated-plugin] spawned worker for "nx/js/dependencies-and-lockfile" (pid: 9504, socket: \\.\pipe\nx\C:\Users\toyos\AppData\Local\Temp\plugin10640-18-248111.0384.sock)
[plugin-client] restarting worker for "nx/core/package-json"
[isolated-plugin] spawned worker for "nx/core/package-json" (pid: 9512, socket: \\.\pipe\nx\C:\Users\toyos\AppData\Local\Temp\plugin10640-19-248128.955.sock)
[plugin-client] restarting worker for "nx/core/project-json"
[isolated-plugin] spawned worker for "nx/core/project-json" (pid: 10032, socket: \\.\pipe\nx\C:\Users\toyos\AppData\Local\Temp\plugin10640-20-248144.5736.sock)
[NX v22.7.5 Daemon Server] - 2026-06-07T06:56:58.701Z - Time taken for 'hash changed files from watcher' 1.9870000000228174ms
[NX v22.7.5 Daemon Server] - 2026-06-07T06:56:59.166Z - [WATCHER]: apps/medicore-server/project.json was modified
[NX v22.7.5 Daemon Server] - 2026-06-07T06:56:59.167Z - [WATCHER]: File changes detected:
Created:
(none)
Updated:
  - apps/medicore-server/project.json
Deleted:
(none)
[NX v22.7.5 Daemon Server] - 2026-06-07T06:56:59.167Z - [SYNC]: clearing sync generators cache due to file changes
[NX v22.7.5 Daemon Server] - 2026-06-07T06:56:59.167Z - [WATCHER]: Processing file changes in outputs
[plugin-worker] "nx/js/dependencies-and-lockfile" (pid: 9504) listening on \\.\pipe\nx\C:\Users\toyos\AppData\Local\Temp\plugin10640-18-248111.0384.sock
[plugin-worker] "nx/core/package-json" (pid: 9512) listening on \\.\pipe\nx\C:\Users\toyos\AppData\Local\Temp\plugin10640-19-248128.955.sock
[isolated-plugin] connected to worker for "nx/js/dependencies-and-lockfile" (pid: 9504)
[isolated-plugin] connected to worker for "nx/core/package-json" (pid: 9512)
[1m[33mTime taken for 'plugin worker 9504 code loading' 654.9155ms[39m[22m
[plugin-worker] "nx/js/dependencies-and-lockfile" (pid: 9504) connected
[1m[33mTime taken for 'plugin worker 9512 code loading' 619.7995000000001ms[39m[22m
[plugin-worker] "nx/core/package-json" (pid: 9512) connected
[NX v22.7.5 Daemon Server] - 2026-06-07T06:56:59.466Z - Time taken for 'start-plugin-worker:nx/js/dependencies-and-lockfile' 810.6762999999919ms
[NX v22.7.5 Daemon Server] - 2026-06-07T06:56:59.466Z - Time taken for 'start-plugin-worker:nx/core/package-json' 793.9982000000018ms
[plugin-worker] "nx/core/project-json" (pid: 10032) listening on \\.\pipe\nx\C:\Users\toyos\AppData\Local\Temp\plugin10640-20-248144.5736.sock
[isolated-plugin] connected to worker for "nx/core/project-json" (pid: 10032)
[NX v22.7.5 Daemon Server] - 2026-06-07T06:56:59.480Z - Time taken for 'start-plugin-worker:nx/core/project-json' 791.4879000000074ms
[plugin-worker] "nx/core/project-json" (pid: 10032) connected
[1m[33mTime taken for 'plugin worker 10032 code loading' 639.5098ms[39m[22m
[plugin-worker] "nx/core/package-json" (pid: 9512) loaded successfully
[plugin-worker] "nx/core/project-json" (pid: 10032) loaded successfully
[isolated-plugin] shutting down worker for "nx/core/package-json" after createNodes
[1m[33mTime taken for 'nx/core/project-json:createNodes' 2.787699999999859ms[39m[22m
[isolated-plugin] shutting down worker for "nx/core/project-json" after createNodes
[plugin-worker] "nx/js/dependencies-and-lockfile" (pid: 9504) loaded successfully
[1m[33mTime taken for 'nx/js/dependencies-and-lockfile:createNodes' 46.729499999999916ms[39m[22m
[NX v22.7.5 Daemon Server] - 2026-06-07T06:57:00.632Z - Time taken for 'build-project-configs' 1933.2019999999902ms
[NX v22.7.5 Daemon Server] - 2026-06-07T06:57:00.633Z - Time taken for 'createNodes:merge' 2.755299999989802ms
[NX v22.7.5 Daemon Server] - 2026-06-07T06:57:00.633Z - Time taken for 'native-file-deps' 0.019900000013876706ms
[NX v22.7.5 Daemon Server] - 2026-06-07T06:57:00.633Z - Time taken for 'get-workspace-files' 5.986200000013923ms
[NX v22.7.5 Daemon Server] - 2026-06-07T06:57:00.633Z - Time taken for 'get-all-workspace-files' 0.6708000000216998ms
[isolated-plugin] shutting down worker for "nx/js/dependencies-and-lockfile" after createDependencies
[NX v22.7.5 Daemon Server] - 2026-06-07T06:57:00.767Z - [SYNC]: collect registered sync generators
[NX v22.7.5 Daemon Server] - 2026-06-07T06:57:00.774Z - [SYNC]: nx.json hash is the same, not collecting global sync generators
[NX v22.7.5 Daemon Server] - 2026-06-07T06:57:00.775Z - Time taken for 'total execution time for createProjectGraph()' 162.06770000001416ms
[NX v22.7.5 Daemon Server] - 2026-06-07T06:57:00.775Z - Time taken for 'createDependencies' 127.16750000001048ms
[NX v22.7.5 Daemon Server] - 2026-06-07T06:57:00.775Z - Time taken for 'nx/js/dependencies-and-lockfile:createDependencies' 126.76800000001094ms
[NX v22.7.5 Daemon Server] - 2026-06-07T06:57:00.775Z - Time taken for 'createMetadata' 0.05809999999473803ms
[NX v22.7.5 Daemon Server] - 2026-06-07T06:57:00.775Z - Time taken for 'serialize graph' 13.698100000008708ms
[NX v22.7.5 Daemon Server] - 2026-06-07T06:57:00.782Z - [REQUEST]: Updated workspace context based on watched changes, recomputing project graph...
[NX v22.7.5 Daemon Server] - 2026-06-07T06:57:00.782Z - [REQUEST]: apps/medicore-server/project.json
[NX v22.7.5 Daemon Server] - 2026-06-07T06:57:00.782Z - [REQUEST]: 
[plugin-client] restarting worker for "nx/js/dependencies-and-lockfile"
[isolated-plugin] spawned worker for "nx/js/dependencies-and-lockfile" (pid: 6408, socket: \\.\pipe\nx\C:\Users\toyos\AppData\Local\Temp\plugin10640-21-250245.8792.sock)
[plugin-client] restarting worker for "nx/core/package-json"
[isolated-plugin] spawned worker for "nx/core/package-json" (pid: 23596, socket: \\.\pipe\nx\C:\Users\toyos\AppData\Local\Temp\plugin10640-22-250267.0015.sock)
[plugin-client] restarting worker for "nx/core/project-json"
[isolated-plugin] spawned worker for "nx/core/project-json" (pid: 10840, socket: \\.\pipe\nx\C:\Users\toyos\AppData\Local\Temp\plugin10640-23-250302.7471.sock)
[NX v22.7.5 Daemon Server] - 2026-06-07T06:57:00.872Z - Time taken for 'hash changed files from watcher' 0.9022000000113621ms
[plugin-worker] "nx/js/dependencies-and-lockfile" (pid: 6408) listening on \\.\pipe\nx\C:\Users\toyos\AppData\Local\Temp\plugin10640-21-250245.8792.sock
[isolated-plugin] connected to worker for "nx/js/dependencies-and-lockfile" (pid: 6408)
[1m[33mTime taken for 'plugin worker 6408 code loading' 1013.7823ms[39m[22m
[NX v22.7.5 Daemon Server] - 2026-06-07T06:57:01.998Z - Time taken for 'start-plugin-worker:nx/js/dependencies-and-lockfile' 1207.0133999999962ms
[plugin-worker] "nx/js/dependencies-and-lockfile" (pid: 6408) connected
[plugin-worker] "nx/core/package-json" (pid: 23596) listening on \\.\pipe\nx\C:\Users\toyos\AppData\Local\Temp\plugin10640-22-250267.0015.sock
[isolated-plugin] connected to worker for "nx/core/package-json" (pid: 23596)
[1m[33mTime taken for 'plugin worker 23596 code loading' 991.5350000000001ms[39m[22m
[NX v22.7.5 Daemon Server] - 2026-06-07T06:57:02.062Z - Time taken for 'start-plugin-worker:nx/core/package-json' 1249.0787000000128ms
[plugin-worker] "nx/core/package-json" (pid: 23596) connected
[plugin-worker] "nx/core/project-json" (pid: 10840) listening on \\.\pipe\nx\C:\Users\toyos\AppData\Local\Temp\plugin10640-23-250302.7471.sock
[1m[33mTime taken for 'plugin worker 10840 code loading' 996.4386ms[39m[22m
[isolated-plugin] connected to worker for "nx/core/project-json" (pid: 10840)
[NX v22.7.5 Daemon Server] - 2026-06-07T06:57:02.114Z - Time taken for 'start-plugin-worker:nx/core/project-json' 1267.7299000000057ms
[plugin-worker] "nx/core/project-json" (pid: 10840) connected
[plugin-worker] "nx/core/project-json" (pid: 10840) loaded successfully
[plugin-worker] "nx/core/package-json" (pid: 23596) loaded successfully
[isolated-plugin] shutting down worker for "nx/core/project-json" after createNodes
[1m[33mTime taken for 'nx/core/package-json:createNodes' 29.68730000000005ms[39m[22m
[isolated-plugin] shutting down worker for "nx/core/package-json" after createNodes
[NX v22.7.5 Daemon Server] - 2026-06-07T06:57:02.780Z - [WATCHER]: Processing file changes in outputs
[NX v22.7.5 Daemon Server] - 2026-06-07T06:57:02.781Z - [WATCHER]: apps/medicore-server/project.json was modified
[NX v22.7.5 Daemon Server] - 2026-06-07T06:57:02.781Z - [WATCHER]: File changes detected:
Created:
(none)
Updated:
  - apps/medicore-server/project.json
Deleted:
(none)
[NX v22.7.5 Daemon Server] - 2026-06-07T06:57:02.782Z - [SYNC]: clearing sync generators cache due to file changes
[plugin-worker] "nx/js/dependencies-and-lockfile" (pid: 6408) loaded successfully
[1m[33mTime taken for 'nx/js/dependencies-and-lockfile:createNodes' 37.26819999999998ms[39m[22m
[NX v22.7.5 Daemon Server] - 2026-06-07T06:57:02.898Z - Time taken for 'build-project-configs' 2084.8010999999824ms
[NX v22.7.5 Daemon Server] - 2026-06-07T06:57:02.899Z - Time taken for 'createNodes:merge' 3.221799999999348ms
[NX v22.7.5 Daemon Server] - 2026-06-07T06:57:02.899Z - Time taken for 'get-all-workspace-files' 0.16289999999571592ms
[1m[33mTime taken for 'build typescript dependencies' 17.565500000000156ms[39m[22m
[isolated-plugin] shutting down worker for "nx/js/dependencies-and-lockfile" after createDependencies
[NX v22.7.5 Daemon Server] - 2026-06-07T06:57:02.986Z - [SYNC]: collect registered sync generators
[NX v22.7.5 Daemon Server] - 2026-06-07T06:57:02.988Z - [SYNC]: project graph hash is the same, not collecting task sync generators
[NX v22.7.5 Daemon Server] - 2026-06-07T06:57:02.988Z - [SYNC]: nx.json hash is the same, not collecting global sync generators
[NX v22.7.5 Daemon Server] - 2026-06-07T06:57:02.989Z - Time taken for 'total execution time for createProjectGraph()' 99.5164999999979ms
[NX v22.7.5 Daemon Server] - 2026-06-07T06:57:02.989Z - Time taken for 'createDependencies' 84.5283000000054ms
[NX v22.7.5 Daemon Server] - 2026-06-07T06:57:02.989Z - Time taken for 'nx/js/dependencies-and-lockfile:createDependencies' 84.27589999997872ms
[NX v22.7.5 Daemon Server] - 2026-06-07T06:57:02.989Z - Time taken for 'createMetadata' 0.04629999998724088ms
[NX v22.7.5 Daemon Server] - 2026-06-07T06:57:02.989Z - Time taken for 'serialize graph' 11.692999999999302ms
[NX v22.7.5 Daemon Server] - 2026-06-07T06:57:06.000Z - [REQUEST]: Updated workspace context based on watched changes, recomputing project graph...
[NX v22.7.5 Daemon Server] - 2026-06-07T06:57:06.001Z - [REQUEST]: apps/medicore-server/project.json
[NX v22.7.5 Daemon Server] - 2026-06-07T06:57:06.001Z - [REQUEST]: 
[plugin-client] restarting worker for "nx/js/dependencies-and-lockfile"
[isolated-plugin] spawned worker for "nx/js/dependencies-and-lockfile" (pid: 11560, socket: \\.\pipe\nx\C:\Users\toyos\AppData\Local\Temp\plugin10640-24-255462.4534.sock)
[plugin-client] restarting worker for "nx/core/package-json"
[isolated-plugin] spawned worker for "nx/core/package-json" (pid: 7360, socket: \\.\pipe\nx\C:\Users\toyos\AppData\Local\Temp\plugin10640-25-255480.2578.sock)
[plugin-client] restarting worker for "nx/core/project-json"
[isolated-plugin] spawned worker for "nx/core/project-json" (pid: 16912, socket: \\.\pipe\nx\C:\Users\toyos\AppData\Local\Temp\plugin10640-26-255501.4536.sock)
[NX v22.7.5 Daemon Server] - 2026-06-07T06:57:06.062Z - Time taken for 'hash changed files from watcher' 1.2566999999980908ms
[plugin-worker] "nx/core/package-json" (pid: 7360) listening on \\.\pipe\nx\C:\Users\toyos\AppData\Local\Temp\plugin10640-25-255480.2578.sock
[isolated-plugin] connected to worker for "nx/core/package-json" (pid: 7360)
[NX v22.7.5 Daemon Server] - 2026-06-07T06:57:06.849Z - Time taken for 'start-plugin-worker:nx/core/package-json' 823.526199999993ms
[plugin-worker] "nx/js/dependencies-and-lockfile" (pid: 11560) listening on \\.\pipe\nx\C:\Users\toyos\AppData\Local\Temp\plugin10640-24-255462.4534.sock
[isolated-plugin] connected to worker for "nx/js/dependencies-and-lockfile" (pid: 11560)
[plugin-worker] "nx/core/package-json" (pid: 7360) connected
[NX v22.7.5 Daemon Server] - 2026-06-07T06:57:06.858Z - Time taken for 'start-plugin-worker:nx/js/dependencies-and-lockfile' 852.8485999999975ms
[1m[33mTime taken for 'plugin worker 11560 code loading' 702.3839ms[39m[22m
[1m[33mTime taken for 'plugin worker 7360 code loading' 671.5323ms[39m[22m
[plugin-worker] "nx/js/dependencies-and-lockfile" (pid: 11560) connected
[plugin-worker] "nx/core/project-json" (pid: 16912) listening on \\.\pipe\nx\C:\Users\toyos\AppData\Local\Temp\plugin10640-26-255501.4536.sock
[1m[33mTime taken for 'plugin worker 16912 code loading' 713.3661000000001ms[39m[22m
[isolated-plugin] connected to worker for "nx/core/project-json" (pid: 16912)
[plugin-worker] "nx/core/project-json" (pid: 16912) connected
[NX v22.7.5 Daemon Server] - 2026-06-07T06:57:06.938Z - Time taken for 'start-plugin-worker:nx/core/project-json' 887.9985000000161ms
[plugin-worker] "nx/core/project-json" (pid: 16912) loaded successfully
[1m[33mTime taken for 'nx/core/project-json:createNodes' 2.334500000000162ms[39m[22m
[plugin-worker] "nx/core/package-json" (pid: 7360) loaded successfully
[isolated-plugin] shutting down worker for "nx/core/project-json" after createNodes
[1m[33mTime taken for 'nx/core/package-json:createNodes' 27.30580000000009ms[39m[22m
[isolated-plugin] shutting down worker for "nx/core/package-json" after createNodes
[plugin-worker] "nx/js/dependencies-and-lockfile" (pid: 11560) loaded successfully
[1m[33mTime taken for 'nx/js/dependencies-and-lockfile:createNodes' 31.411399999999958ms[39m[22m
[NX v22.7.5 Daemon Server] - 2026-06-07T06:57:07.764Z - Time taken for 'build-project-configs' 1731.4896999999764ms
[NX v22.7.5 Daemon Server] - 2026-06-07T06:57:07.764Z - Time taken for 'createNodes:merge' 8.681099999987055ms
[NX v22.7.5 Daemon Server] - 2026-06-07T06:57:07.764Z - Time taken for 'get-all-workspace-files' 0.4853999999759253ms
[1m[33mTime taken for 'build typescript dependencies' 17.134500000000116ms[39m[22m
[isolated-plugin] shutting down worker for "nx/js/dependencies-and-lockfile" after createDependencies
[NX v22.7.5 Daemon Server] - 2026-06-07T06:57:07.890Z - [SYNC]: collect registered sync generators
[NX v22.7.5 Daemon Server] - 2026-06-07T06:57:07.894Z - [SYNC]: project graph hash is the same, not collecting task sync generators
[NX v22.7.5 Daemon Server] - 2026-06-07T06:57:07.895Z - [SYNC]: nx.json hash is the same, not collecting global sync generators
[NX v22.7.5 Daemon Server] - 2026-06-07T06:57:07.896Z - Time taken for 'total execution time for createProjectGraph()' 141.42980000001262ms
[NX v22.7.5 Daemon Server] - 2026-06-07T06:57:07.896Z - Time taken for 'createDependencies' 122.17879999999423ms
[NX v22.7.5 Daemon Server] - 2026-06-07T06:57:07.896Z - Time taken for 'nx/js/dependencies-and-lockfile:createDependencies' 121.36170000000857ms
[NX v22.7.5 Daemon Server] - 2026-06-07T06:57:07.896Z - Time taken for 'createMetadata' 0.026000000012572855ms
[NX v22.7.5 Daemon Server] - 2026-06-07T06:57:07.896Z - Time taken for 'serialize graph' 10.644300000014482ms
[NX v22.7.5 Daemon Server] - 2026-06-07T06:57:17.532Z - Established a connection. Number of open connections: 1
[NX v22.7.5 Daemon Server] - 2026-06-07T06:57:17.534Z - Closed a connection. Number of open connections: 0
[NX v22.7.5 Daemon Server] - 2026-06-07T06:57:17.535Z - Established a connection. Number of open connections: 1
[NX v22.7.5 Daemon Server] - 2026-06-07T06:57:17.535Z - Closed a connection. Number of open connections: 0
[NX v22.7.5 Daemon Server] - 2026-06-07T06:57:17.536Z - Established a connection. Number of open connections: 1
[NX v22.7.5 Daemon Client] - 2026-06-07T06:57:17.533Z - [Messenger] Setting up socket listeners
[NX v22.7.5 Daemon Client] - 2026-06-07T06:57:17.535Z - [Messenger] listen() complete
[NX v22.7.5 Daemon Client] - 2026-06-07T06:57:18.294Z - [Messenger] Sending message type: GET_NX_CONSOLE_STATUS
[NX v22.7.5 Daemon Client] - 2026-06-07T06:57:18.297Z - [Messenger] Message sent
[NX v22.7.5 Daemon Server] - 2026-06-07T06:57:18.310Z - Received raw message of length 4629
[NX v22.7.5 Daemon Server] - 2026-06-07T06:57:18.311Z - Received json message of type GET_NX_CONSOLE_STATUS
[NX v22.7.5 Daemon Server] - 2026-06-07T06:57:18.313Z - Serializing response for GET_NX_CONSOLE_STATUS message in json mode
[NX v22.7.5 Daemon Server] - 2026-06-07T06:57:18.314Z - Responding to GET_NX_CONSOLE_STATUS message
[NX v22.7.5 Daemon Server] - 2026-06-07T06:57:18.314Z - [REQUEST]: Responding to the client. handleGetNxConsoleStatus
[NX v22.7.5 Daemon Server] - 2026-06-07T06:57:18.314Z - Done responding to the client handleGetNxConsoleStatus
[NX v22.7.5 Daemon Server] - 2026-06-07T06:57:18.314Z - Handled json message GET_NX_CONSOLE_STATUS. Handling time: 0. Response time: 1.
[NX v22.7.5 Daemon Client] - 2026-06-07T06:57:18.318Z - [Messenger] Received message, length: 22
[NX v22.7.5 Daemon Client] - 2026-06-07T06:57:18.438Z - [Messenger] Sending message type: REQUEST_PROJECT_GRAPH
[NX v22.7.5 Daemon Client] - 2026-06-07T06:57:18.440Z - [Messenger] Message sent
[NX v22.7.5 Daemon Server] - 2026-06-07T06:57:18.443Z - Received raw message of length 32
[NX v22.7.5 Daemon Server] - 2026-06-07T06:57:18.443Z - Received json message of type REQUEST_PROJECT_GRAPH
[NX v22.7.5 Daemon Server] - 2026-06-07T06:57:18.443Z - [REQUEST]: Client Request for Project Graph Received
[NX v22.7.5 Daemon Server] - 2026-06-07T06:57:18.445Z - Reusing in-memory cached project graph because no files changed.
[NX v22.7.5 Daemon Server] - 2026-06-07T06:57:18.445Z - Serializing response for REQUEST_PROJECT_GRAPH message in json mode
[NX v22.7.5 Daemon Server] - 2026-06-07T06:57:18.445Z - Responding to REQUEST_PROJECT_GRAPH message
[NX v22.7.5 Daemon Server] - 2026-06-07T06:57:18.445Z - [REQUEST]: Responding to the client. project-graph
[NX v22.7.5 Daemon Server] - 2026-06-07T06:57:18.448Z - Time taken for 'total for creating and serializing project graph' 2.0697999999974854ms
[NX v22.7.5 Daemon Server] - 2026-06-07T06:57:18.450Z - Done responding to the client project-graph
[NX v22.7.5 Daemon Server] - 2026-06-07T06:57:18.451Z - Handled json message REQUEST_PROJECT_GRAPH. Handling time: 2. Response time: 6.
[NX v22.7.5 Daemon Client] - 2026-06-07T06:57:18.451Z - [Messenger] Received message, length: 730800
[NX v22.7.5 Daemon Server] - 2026-06-07T06:57:18.637Z - Closed a connection. Number of open connections: 0
[NX v22.7.5 Daemon Server] - 2026-06-07T06:57:36.013Z - Established a connection. Number of open connections: 1
[NX v22.7.5 Daemon Server] - 2026-06-07T06:57:36.020Z - Closed a connection. Number of open connections: 0
[NX v22.7.5 Daemon Server] - 2026-06-07T06:57:36.022Z - Established a connection. Number of open connections: 1
[NX v22.7.5 Daemon Server] - 2026-06-07T06:57:36.022Z - Closed a connection. Number of open connections: 0
[NX v22.7.5 Daemon Server] - 2026-06-07T06:57:36.023Z - Established a connection. Number of open connections: 1
[NX v22.7.5 Daemon Client] - 2026-06-07T06:57:36.019Z - [Messenger] Setting up socket listeners
[NX v22.7.5 Daemon Client] - 2026-06-07T06:57:36.023Z - [Messenger] listen() complete
[NX v22.7.5 Daemon Client] - 2026-06-07T06:57:36.945Z - [Messenger] Sending message type: GET_NX_CONSOLE_STATUS
[NX v22.7.5 Daemon Client] - 2026-06-07T06:57:36.949Z - [Messenger] Message sent
[NX v22.7.5 Daemon Server] - 2026-06-07T06:57:36.968Z - Received raw message of length 4629
[NX v22.7.5 Daemon Server] - 2026-06-07T06:57:36.969Z - Received json message of type GET_NX_CONSOLE_STATUS
[NX v22.7.5 Daemon Server] - 2026-06-07T06:57:36.969Z - Serializing response for GET_NX_CONSOLE_STATUS message in json mode
[NX v22.7.5 Daemon Server] - 2026-06-07T06:57:36.969Z - Responding to GET_NX_CONSOLE_STATUS message
[NX v22.7.5 Daemon Server] - 2026-06-07T06:57:36.969Z - [REQUEST]: Responding to the client. handleGetNxConsoleStatus
[NX v22.7.5 Daemon Server] - 2026-06-07T06:57:36.970Z - Done responding to the client handleGetNxConsoleStatus
[NX v22.7.5 Daemon Server] - 2026-06-07T06:57:36.970Z - Handled json message GET_NX_CONSOLE_STATUS. Handling time: 0. Response time: 1.
[NX v22.7.5 Daemon Client] - 2026-06-07T06:57:36.970Z - [Messenger] Received message, length: 22
[NX v22.7.5 Daemon Client] - 2026-06-07T06:57:37.403Z - [Messenger] Sending message type: REQUEST_PROJECT_GRAPH
[NX v22.7.5 Daemon Client] - 2026-06-07T06:57:37.404Z - [Messenger] Message sent
[NX v22.7.5 Daemon Server] - 2026-06-07T06:57:37.411Z - Received raw message of length 32
[NX v22.7.5 Daemon Server] - 2026-06-07T06:57:37.411Z - Received json message of type REQUEST_PROJECT_GRAPH
[NX v22.7.5 Daemon Server] - 2026-06-07T06:57:37.411Z - [REQUEST]: Client Request for Project Graph Received
[NX v22.7.5 Daemon Server] - 2026-06-07T06:57:37.413Z - Reusing in-memory cached project graph because no files changed.
[NX v22.7.5 Daemon Server] - 2026-06-07T06:57:37.414Z - Serializing response for REQUEST_PROJECT_GRAPH message in json mode
[NX v22.7.5 Daemon Server] - 2026-06-07T06:57:37.414Z - Responding to REQUEST_PROJECT_GRAPH message
[NX v22.7.5 Daemon Server] - 2026-06-07T06:57:37.414Z - [REQUEST]: Responding to the client. project-graph
[NX v22.7.5 Daemon Server] - 2026-06-07T06:57:37.417Z - Time taken for 'total for creating and serializing project graph' 2.71740000002319ms
[NX v22.7.5 Daemon Server] - 2026-06-07T06:57:37.423Z - Done responding to the client project-graph
[NX v22.7.5 Daemon Server] - 2026-06-07T06:57:37.423Z - Handled json message REQUEST_PROJECT_GRAPH. Handling time: 3. Response time: 9.
[NX v22.7.5 Daemon Client] - 2026-06-07T06:57:37.420Z - [Messenger] Received message, length: 730800
[NX v22.7.5 Daemon Client] - 2026-06-07T06:57:37.441Z - [Messenger] Sending message type: PRE_TASKS_EXECUTION
[NX v22.7.5 Daemon Client] - 2026-06-07T06:57:37.443Z - [Messenger] Message sent
[NX v22.7.5 Daemon Server] - 2026-06-07T06:57:37.451Z - Received raw message of length 1122
[NX v22.7.5 Daemon Server] - 2026-06-07T06:57:37.451Z - Received json message of type PRE_TASKS_EXECUTION
[NX v22.7.5 Daemon Server] - 2026-06-07T06:57:37.456Z - Serializing response for PRE_TASKS_EXECUTION message in json mode
[NX v22.7.5 Daemon Server] - 2026-06-07T06:57:37.456Z - Responding to PRE_TASKS_EXECUTION message
[NX v22.7.5 Daemon Server] - 2026-06-07T06:57:37.456Z - [REQUEST]: Responding to the client. handleRunPreTasksExecution
[NX v22.7.5 Daemon Server] - 2026-06-07T06:57:37.457Z - Time taken for 'preTasksExecution' 4.254799999995157ms
[NX v22.7.5 Daemon Server] - 2026-06-07T06:57:37.458Z - Done responding to the client handleRunPreTasksExecution
[NX v22.7.5 Daemon Server] - 2026-06-07T06:57:37.458Z - Handled json message PRE_TASKS_EXECUTION. Handling time: 5. Response time: 2.
[NX v22.7.5 Daemon Client] - 2026-06-07T06:57:37.452Z - [Messenger] Received message, length: 2
[NX v22.7.5 Daemon Client] - 2026-06-07T06:57:37.721Z - [Messenger] Sending message type: HASH_TASKS
[NX v22.7.5 Daemon Client] - 2026-06-07T06:57:37.723Z - [Messenger] Message sent
[NX v22.7.5 Daemon Server] - 2026-06-07T06:57:37.734Z - Received raw message of length 7145
[NX v22.7.5 Daemon Server] - 2026-06-07T06:57:37.734Z - Received json message of type HASH_TASKS
[NX v22.7.5 Daemon Server] - 2026-06-07T06:57:37.736Z - Reusing in-memory cached project graph because no files changed.
DEBUG nx::native::tasks::hash_planner: get_plans_internal COMPLETED in 21.1973ms - processed 1 tasks (setup: 15.8951ms, parallel_planning: 5.2713ms)
DEBUG nx::native::tasks::hashers::hash_workspace_files: Hashing workspace fileset with inputs: Adding "11502482774063263864" (".gitignore") to hash
DEBUG nx::native::tasks::hashers::hash_workspace_files: Hashing workspace fileset with inputs: Adding "17720461057425803082" ("nx.json") to hash
DEBUG nx::native::tasks::hashers::hash_workspace_files: Hashing workspace fileset with inputs: Hash Value: "6799611818206688506"
DEBUG nx::native::tasks::task_hasher: hash_plans COMPLETED in 11.1282ms - processed 1 plans (setup: 1.1901ms, hashing: 9.9256ms, assembly: 4.0238ms)
[NX v22.7.5 Daemon Server] - 2026-06-07T06:57:37.811Z - Serializing response for HASH_TASKS message in json mode
[NX v22.7.5 Daemon Server] - 2026-06-07T06:57:37.811Z - Responding to HASH_TASKS message
[NX v22.7.5 Daemon Server] - 2026-06-07T06:57:37.812Z - [REQUEST]: Responding to the client. handleHashTasks
[NX v22.7.5 Daemon Client] - 2026-06-07T06:57:37.807Z - [Messenger] Received message, length: 31600
[NX v22.7.5 Daemon Server] - 2026-06-07T06:57:37.819Z - Done responding to the client handleHashTasks
[NX v22.7.5 Daemon Server] - 2026-06-07T06:57:37.819Z - Handled json message HASH_TASKS. Handling time: 77. Response time: 8.
[NX v22.7.5 Daemon Client] - 2026-06-07T06:57:37.851Z - [Messenger] Sending message type: GET_ESTIMATED_TASK_TIMINGS
[NX v22.7.5 Daemon Client] - 2026-06-07T06:57:37.853Z - [Messenger] Message sent
[NX v22.7.5 Daemon Server] - 2026-06-07T06:57:37.879Z - Received raw message of length 93
[NX v22.7.5 Daemon Server] - 2026-06-07T06:57:37.879Z - Received json message of type GET_ESTIMATED_TASK_TIMINGS
[NX v22.7.5 Daemon Server] - 2026-06-07T06:57:37.889Z - Serializing response for GET_ESTIMATED_TASK_TIMINGS message in json mode
[NX v22.7.5 Daemon Server] - 2026-06-07T06:57:37.890Z - Responding to GET_ESTIMATED_TASK_TIMINGS message
[NX v22.7.5 Daemon Server] - 2026-06-07T06:57:37.890Z - [REQUEST]: Responding to the client. handleGetEstimatedTaskTimings
[NX v22.7.5 Daemon Server] - 2026-06-07T06:57:37.890Z - Done responding to the client handleGetEstimatedTaskTimings
[NX v22.7.5 Daemon Server] - 2026-06-07T06:57:37.890Z - Handled json message GET_ESTIMATED_TASK_TIMINGS. Handling time: 10. Response time: 1.
[NX v22.7.5 Daemon Client] - 2026-06-07T06:57:37.885Z - [Messenger] Received message, length: 2
[NX v22.7.5 Daemon Server] - 2026-06-07T06:57:37.951Z - [WATCHER]: 0 file(s) created or restored, 0 file(s) modified, 0 file(s) deleted
[NX v22.7.5 Daemon Server] - 2026-06-07T06:57:38.061Z - [REQUEST]: Updated workspace context based on watched changes, recomputing project graph...
[NX v22.7.5 Daemon Server] - 2026-06-07T06:57:38.062Z - [REQUEST]: 
[NX v22.7.5 Daemon Server] - 2026-06-07T06:57:38.062Z - [REQUEST]: 
[plugin-client] restarting worker for "nx/js/dependencies-and-lockfile"
[isolated-plugin] spawned worker for "nx/js/dependencies-and-lockfile" (pid: 17528, socket: \\.\pipe\nx\C:\Users\toyos\AppData\Local\Temp\plugin10640-27-287521.3574.sock)
[plugin-client] restarting worker for "nx/core/package-json"
[isolated-plugin] spawned worker for "nx/core/package-json" (pid: 13244, socket: \\.\pipe\nx\C:\Users\toyos\AppData\Local\Temp\plugin10640-28-287532.7705.sock)
[plugin-client] restarting worker for "nx/core/project-json"
[isolated-plugin] spawned worker for "nx/core/project-json" (pid: 23560, socket: \\.\pipe\nx\C:\Users\toyos\AppData\Local\Temp\plugin10640-29-287543.9141.sock)
[NX v22.7.5 Daemon Server] - 2026-06-07T06:57:38.097Z - Time taken for 'hash changed files from watcher' 0.386400000017602ms
[isolated-plugin] connected to worker for "nx/js/dependencies-and-lockfile" (pid: 17528)
[plugin-worker] "nx/js/dependencies-and-lockfile" (pid: 17528) listening on \\.\pipe\nx\C:\Users\toyos\AppData\Local\Temp\plugin10640-27-287521.3574.sock
[NX v22.7.5 Daemon Server] - 2026-06-07T06:57:38.415Z - Time taken for 'start-plugin-worker:nx/js/dependencies-and-lockfile' 349.7690999999759ms
[plugin-worker] "nx/js/dependencies-and-lockfile" (pid: 17528) connected
[1m[33mTime taken for 'plugin worker 17528 code loading' 277.067ms[39m[22m
[plugin-worker] "nx/core/package-json" (pid: 13244) listening on \\.\pipe\nx\C:\Users\toyos\AppData\Local\Temp\plugin10640-28-287532.7705.sock
[1m[33mTime taken for 'plugin worker 13244 code loading' 270.7042ms[39m[22m
[isolated-plugin] connected to worker for "nx/core/package-json" (pid: 13244)
[NX v22.7.5 Daemon Server] - 2026-06-07T06:57:38.428Z - Time taken for 'start-plugin-worker:nx/core/package-json' 351.9326000000001ms
[plugin-worker] "nx/core/package-json" (pid: 13244) connected
[plugin-worker] "nx/core/project-json" (pid: 23560) listening on \\.\pipe\nx\C:\Users\toyos\AppData\Local\Temp\plugin10640-29-287543.9141.sock
[isolated-plugin] connected to worker for "nx/core/project-json" (pid: 23560)
[1m[33mTime taken for 'plugin worker 23560 code loading' 277.2107ms[39m[22m
[plugin-worker] "nx/core/project-json" (pid: 23560) connected
[NX v22.7.5 Daemon Server] - 2026-06-07T06:57:38.448Z - Time taken for 'start-plugin-worker:nx/core/project-json' 360.3004999999539ms
[plugin-worker] "nx/core/package-json" (pid: 13244) loaded successfully
[plugin-worker] "nx/core/project-json" (pid: 23560) loaded successfully
[1m[33mTime taken for 'nx/core/project-json:createNodes' 1.375ms[39m[22m
[isolated-plugin] shutting down worker for "nx/core/project-json" after createNodes
[1m[33mTime taken for 'nx/core/package-json:createNodes' 7.503600000000006ms[39m[22m
[isolated-plugin] shutting down worker for "nx/core/package-json" after createNodes
[plugin-worker] "nx/js/dependencies-and-lockfile" (pid: 17528) loaded successfully
[1m[33mTime taken for 'nx/js/dependencies-and-lockfile:createNodes' 10.904300000000035ms[39m[22m
[NX v22.7.5 Daemon Server] - 2026-06-07T06:57:38.674Z - Time taken for 'build-project-configs' 587.8927000000258ms
[NX v22.7.5 Daemon Server] - 2026-06-07T06:57:38.674Z - Time taken for 'createNodes:merge' 3.7259000000194646ms
[NX v22.7.5 Daemon Server] - 2026-06-07T06:57:38.674Z - Time taken for 'get-all-workspace-files' 0.3796999999904074ms
[1m[33mTime taken for 'build typescript dependencies' 0.2678000000000793ms[39m[22m
[isolated-plugin] shutting down worker for "nx/js/dependencies-and-lockfile" after createDependencies
[NX v22.7.5 Daemon Server] - 2026-06-07T06:57:38.721Z - [SYNC]: collect registered sync generators
[NX v22.7.5 Daemon Server] - 2026-06-07T06:57:38.723Z - [SYNC]: project graph hash is the same, not collecting task sync generators
[NX v22.7.5 Daemon Server] - 2026-06-07T06:57:38.724Z - [SYNC]: nx.json hash is the same, not collecting global sync generators
[NX v22.7.5 Daemon Server] - 2026-06-07T06:57:38.724Z - Time taken for 'total execution time for createProjectGraph()' 59.53609999996843ms
[NX v22.7.5 Daemon Server] - 2026-06-07T06:57:38.724Z - Time taken for 'createDependencies' 48.96180000004824ms
[NX v22.7.5 Daemon Server] - 2026-06-07T06:57:38.725Z - Time taken for 'nx/js/dependencies-and-lockfile:createDependencies' 48.64030000002822ms
[NX v22.7.5 Daemon Server] - 2026-06-07T06:57:38.725Z - Time taken for 'createMetadata' 0.03680000000167638ms
[NX v22.7.5 Daemon Server] - 2026-06-07T06:57:38.725Z - Time taken for 'serialize graph' 8.153200000000652ms
[NX v22.7.5 Daemon Server] - 2026-06-07T06:57:59.087Z - [WATCHER]: Processing file changes in outputs
[NX v22.7.5 Daemon Server] - 2026-06-07T06:58:04.757Z - [WATCHER]: Processing file changes in outputs
[NX v22.7.5 Daemon Server] - 2026-06-07T06:58:10.633Z - [WATCHER]: Processing file changes in outputs
[NX v22.7.5 Daemon Server] - 2026-06-07T06:58:10.710Z - [WATCHER]: Processing file changes in outputs
[NX v22.7.5 Daemon Server] - 2026-06-07T06:58:10.924Z - [WATCHER]: Processing file changes in outputs
[NX v22.7.5 Daemon Server] - 2026-06-07T06:58:10.989Z - [WATCHER]: Processing file changes in outputs
[NX v22.7.5 Daemon Server] - 2026-06-07T06:59:55.654Z - [WATCHER]: package.json was modified
[NX v22.7.5 Daemon Server] - 2026-06-07T06:59:55.655Z - [WATCHER]: File changes detected:
Created:
(none)
Updated:
  - package.json
Deleted:
(none)
[NX v22.7.5 Daemon Server] - 2026-06-07T06:59:55.655Z - [SYNC]: clearing sync generators cache due to file changes
[NX v22.7.5 Daemon Server] - 2026-06-07T06:59:55.656Z - [WATCHER]: Processing file changes in outputs
[NX v22.7.5 Daemon Server] - 2026-06-07T06:59:55.873Z - [REQUEST]: Updated workspace context based on watched changes, recomputing project graph...
[NX v22.7.5 Daemon Server] - 2026-06-07T06:59:55.873Z - [REQUEST]: package.json
[NX v22.7.5 Daemon Server] - 2026-06-07T06:59:55.873Z - [REQUEST]: 
[plugin-client] restarting worker for "nx/js/dependencies-and-lockfile"
[isolated-plugin] spawned worker for "nx/js/dependencies-and-lockfile" (pid: 11548, socket: \\.\pipe\nx\C:\Users\toyos\AppData\Local\Temp\plugin10640-30-425335.1629.sock)
[plugin-client] restarting worker for "nx/core/package-json"
[isolated-plugin] spawned worker for "nx/core/package-json" (pid: 22896, socket: \\.\pipe\nx\C:\Users\toyos\AppData\Local\Temp\plugin10640-31-425349.7541.sock)
[plugin-client] restarting worker for "nx/core/project-json"
[isolated-plugin] spawned worker for "nx/core/project-json" (pid: 17828, socket: \\.\pipe\nx\C:\Users\toyos\AppData\Local\Temp\plugin10640-32-425360.8506.sock)
[NX v22.7.5 Daemon Server] - 2026-06-07T06:59:55.919Z - Time taken for 'hash changed files from watcher' 0.9839999999967404ms
[plugin-worker] "nx/js/dependencies-and-lockfile" (pid: 11548) listening on \\.\pipe\nx\C:\Users\toyos\AppData\Local\Temp\plugin10640-30-425335.1629.sock
[1m[33mTime taken for 'plugin worker 11548 code loading' 309.47740000000005ms[39m[22m
[isolated-plugin] connected to worker for "nx/js/dependencies-and-lockfile" (pid: 11548)
[plugin-worker] "nx/js/dependencies-and-lockfile" (pid: 11548) connected
[NX v22.7.5 Daemon Server] - 2026-06-07T06:59:56.279Z - Time taken for 'start-plugin-worker:nx/js/dependencies-and-lockfile' 398.9096000000136ms
[plugin-worker] "nx/core/package-json" (pid: 22896) listening on \\.\pipe\nx\C:\Users\toyos\AppData\Local\Temp\plugin10640-31-425349.7541.sock
[1m[33mTime taken for 'plugin worker 22896 code loading' 322.7913ms[39m[22m
[isolated-plugin] connected to worker for "nx/core/package-json" (pid: 22896)
[plugin-worker] "nx/core/package-json" (pid: 22896) connected
[NX v22.7.5 Daemon Server] - 2026-06-07T06:59:56.312Z - Time taken for 'start-plugin-worker:nx/core/package-json' 419.71100000001024ms
[plugin-worker] "nx/core/project-json" (pid: 17828) listening on \\.\pipe\nx\C:\Users\toyos\AppData\Local\Temp\plugin10640-32-425360.8506.sock
[1m[33mTime taken for 'plugin worker 17828 code loading' 322.9633ms[39m[22m
[isolated-plugin] connected to worker for "nx/core/project-json" (pid: 17828)
[NX v22.7.5 Daemon Server] - 2026-06-07T06:59:56.323Z - Time taken for 'start-plugin-worker:nx/core/project-json' 419.49050000001444ms
[plugin-worker] "nx/core/project-json" (pid: 17828) connected
[plugin-worker] "nx/core/package-json" (pid: 22896) loaded successfully
[plugin-worker] "nx/core/project-json" (pid: 17828) loaded successfully
[isolated-plugin] shutting down worker for "nx/core/project-json" after createNodes
[isolated-plugin] shutting down worker for "nx/core/package-json" after createNodes
[plugin-worker] "nx/js/dependencies-and-lockfile" (pid: 11548) loaded successfully
[1m[33mTime taken for 'nx/js/dependencies-and-lockfile:createNodes' 20.795799999999986ms[39m[22m
[NX v22.7.5 Daemon Server] - 2026-06-07T06:59:56.655Z - Time taken for 'build-project-configs' 763.53820000001ms
[NX v22.7.5 Daemon Server] - 2026-06-07T06:59:56.656Z - Time taken for 'createNodes:merge' 3.7453000000095926ms
[NX v22.7.5 Daemon Server] - 2026-06-07T06:59:56.656Z - Time taken for 'get-all-workspace-files' 0.279999999969732ms
[isolated-plugin] shutting down worker for "nx/js/dependencies-and-lockfile" after createDependencies
[NX v22.7.5 Daemon Server] - 2026-06-07T06:59:56.705Z - [SYNC]: collect registered sync generators
[NX v22.7.5 Daemon Server] - 2026-06-07T06:59:56.711Z - [SYNC]: project graph hash is the same, not collecting task sync generators
[NX v22.7.5 Daemon Server] - 2026-06-07T06:59:56.711Z - [SYNC]: nx.json hash is the same, not collecting global sync generators
[NX v22.7.5 Daemon Server] - 2026-06-07T06:59:56.712Z - Time taken for 'total execution time for createProjectGraph()' 53.03090000001248ms
[NX v22.7.5 Daemon Server] - 2026-06-07T06:59:56.712Z - Time taken for 'createDependencies' 43.25429999997141ms
[NX v22.7.5 Daemon Server] - 2026-06-07T06:59:56.712Z - Time taken for 'nx/js/dependencies-and-lockfile:createDependencies' 43.012599999958184ms
[NX v22.7.5 Daemon Server] - 2026-06-07T06:59:56.712Z - Time taken for 'createMetadata' 0.01779999997233972ms
[NX v22.7.5 Daemon Server] - 2026-06-07T06:59:56.712Z - Time taken for 'serialize graph' 10.629100000020117ms
[NX v22.7.5 Daemon Client] - 2026-06-07T06:59:58.031Z - [Messenger] Sending message type: RECORD_TASK_RUNS
[NX v22.7.5 Daemon Client] - 2026-06-07T06:59:58.032Z - [Messenger] Message sent
[NX v22.7.5 Daemon Server] - 2026-06-07T06:59:58.038Z - Received raw message of length 212
[NX v22.7.5 Daemon Server] - 2026-06-07T06:59:58.038Z - Received json message of type RECORD_TASK_RUNS
[NX v22.7.5 Daemon Server] - 2026-06-07T06:59:58.045Z - Serializing response for RECORD_TASK_RUNS message in json mode
[NX v22.7.5 Daemon Server] - 2026-06-07T06:59:58.045Z - Responding to RECORD_TASK_RUNS message
[NX v22.7.5 Daemon Server] - 2026-06-07T06:59:58.045Z - [REQUEST]: Responding to the client. handleRecordTaskRuns
[NX v22.7.5 Daemon Client] - 2026-06-07T06:59:58.046Z - [Messenger] Received message, length: 4
[NX v22.7.5 Daemon Server] - 2026-06-07T06:59:58.049Z - Done responding to the client handleRecordTaskRuns
[NX v22.7.5 Daemon Server] - 2026-06-07T06:59:58.049Z - Handled json message RECORD_TASK_RUNS. Handling time: 6. Response time: 4.
[NX v22.7.5 Daemon Client] - 2026-06-07T06:59:58.049Z - [Messenger] Sending message type: GET_CONFIGURE_AI_AGENTS_STATUS
[NX v22.7.5 Daemon Server] - 2026-06-07T06:59:58.050Z - Established a connection. Number of open connections: 2
[NX v22.7.5 Daemon Client] - 2026-06-07T06:59:58.050Z - [Messenger] Message sent
[NX v22.7.5 Daemon Server] - 2026-06-07T06:59:58.051Z - Closed a connection. Number of open connections: 1
[NX v22.7.5 Daemon Server] - 2026-06-07T06:59:58.052Z - Received raw message of length 41
[NX v22.7.5 Daemon Server] - 2026-06-07T06:59:58.052Z - Received json message of type GET_CONFIGURE_AI_AGENTS_STATUS
[NX v22.7.5 Daemon Server] - 2026-06-07T06:59:58.054Z - [AI-AGENTS]: Returning cached agent configuration status
[NX v22.7.5 Daemon Server] - 2026-06-07T06:59:58.054Z - Serializing response for GET_CONFIGURE_AI_AGENTS_STATUS message in json mode
[NX v22.7.5 Daemon Server] - 2026-06-07T06:59:58.054Z - Responding to GET_CONFIGURE_AI_AGENTS_STATUS message
[NX v22.7.5 Daemon Server] - 2026-06-07T06:59:58.054Z - [REQUEST]: Responding to the client. handleGetConfigureAiAgentsStatus
[NX v22.7.5 Daemon Server] - 2026-06-07T06:59:58.054Z - Done responding to the client handleGetConfigureAiAgentsStatus
[NX v22.7.5 Daemon Server] - 2026-06-07T06:59:58.054Z - Handled json message GET_CONFIGURE_AI_AGENTS_STATUS. Handling time: 0. Response time: 0.
[NX v22.7.5 Daemon Client] - 2026-06-07T06:59:58.055Z - [Messenger] Received message, length: 104
[NX v22.7.5 Daemon Client] - 2026-06-07T06:59:58.057Z - [Messenger] Sending message type: POST_TASKS_EXECUTION
[NX v22.7.5 Daemon Client] - 2026-06-07T06:59:58.059Z - [Messenger] Message sent
[NX v22.7.5 Daemon Server] - 2026-06-07T06:59:58.060Z - Received raw message of length 38762
[NX v22.7.5 Daemon Server] - 2026-06-07T06:59:58.061Z - Received json message of type POST_TASKS_EXECUTION
[NX v22.7.5 Daemon Server] - 2026-06-07T06:59:58.062Z - Serializing response for POST_TASKS_EXECUTION message in json mode
[NX v22.7.5 Daemon Server] - 2026-06-07T06:59:58.062Z - Responding to POST_TASKS_EXECUTION message
[NX v22.7.5 Daemon Server] - 2026-06-07T06:59:58.063Z - [REQUEST]: Responding to the client. handleRunPostTasksExecution
[NX v22.7.5 Daemon Server] - 2026-06-07T06:59:58.063Z - Time taken for 'postTasksExecution' 0.9281000000191852ms
[NX v22.7.5 Daemon Server] - 2026-06-07T06:59:58.063Z - Done responding to the client handleRunPostTasksExecution
[NX v22.7.5 Daemon Server] - 2026-06-07T06:59:58.063Z - Handled json message POST_TASKS_EXECUTION. Handling time: 1. Response time: 1.
[NX v22.7.5 Daemon Client] - 2026-06-07T06:59:58.063Z - [Messenger] Received message, length: 4
[NX v22.7.5 Daemon Server] - 2026-06-07T06:59:58.095Z - Closed a connection. Number of open connections: 0
[NX v22.7.5 Daemon Server] - 2026-06-07T07:00:05.728Z - Established a connection. Number of open connections: 1
[NX v22.7.5 Daemon Client] - 2026-06-07T07:00:05.715Z - [Messenger] Setting up socket listeners
[NX v22.7.5 Daemon Client] - 2026-06-07T07:00:05.717Z - [Messenger] listen() complete
[NX v22.7.5 Daemon Server] - 2026-06-07T07:00:05.732Z - Established a connection. Number of open connections: 2
[NX v22.7.5 Daemon Server] - 2026-06-07T07:00:05.732Z - Established a connection. Number of open connections: 3
[NX v22.7.5 Daemon Server] - 2026-06-07T07:00:05.732Z - Closed a connection. Number of open connections: 2
[NX v22.7.5 Daemon Server] - 2026-06-07T07:00:05.732Z - Closed a connection. Number of open connections: 1
[NX v22.7.5 Daemon Client] - 2026-06-07T07:00:06.350Z - [Messenger] Sending message type: GET_NX_CONSOLE_STATUS
[NX v22.7.5 Daemon Client] - 2026-06-07T07:00:06.354Z - [Messenger] Message sent
[NX v22.7.5 Daemon Server] - 2026-06-07T07:00:06.382Z - Received raw message of length 4564
[NX v22.7.5 Daemon Server] - 2026-06-07T07:00:06.382Z - Received json message of type GET_NX_CONSOLE_STATUS
[NX v22.7.5 Daemon Server] - 2026-06-07T07:00:06.383Z - Refreshing env var Path from client connection.
[NX v22.7.5 Daemon Server] - 2026-06-07T07:00:06.384Z - Graph recompute necessary due to env variable refresh
[NX v22.7.5 Daemon Server] - 2026-06-07T07:00:06.386Z - Serializing response for GET_NX_CONSOLE_STATUS message in json mode
[NX v22.7.5 Daemon Server] - 2026-06-07T07:00:06.386Z - Responding to GET_NX_CONSOLE_STATUS message
[NX v22.7.5 Daemon Server] - 2026-06-07T07:00:06.386Z - [REQUEST]: Responding to the client. handleGetNxConsoleStatus
[NX v22.7.5 Daemon Server] - 2026-06-07T07:00:06.387Z - Done responding to the client handleGetNxConsoleStatus
[NX v22.7.5 Daemon Server] - 2026-06-07T07:00:06.387Z - Handled json message GET_NX_CONSOLE_STATUS. Handling time: 0. Response time: 1.
[NX v22.7.5 Daemon Client] - 2026-06-07T07:00:06.376Z - [Messenger] Received message, length: 22
[NX v22.7.5 Daemon Client] - 2026-06-07T07:00:06.906Z - [Messenger] Sending message type: REQUEST_PROJECT_GRAPH
[NX v22.7.5 Daemon Client] - 2026-06-07T07:00:06.908Z - [Messenger] Message sent
[NX v22.7.5 Daemon Server] - 2026-06-07T07:00:06.929Z - Received raw message of length 32
[NX v22.7.5 Daemon Server] - 2026-06-07T07:00:06.929Z - Received json message of type REQUEST_PROJECT_GRAPH
[NX v22.7.5 Daemon Server] - 2026-06-07T07:00:06.929Z - [REQUEST]: Client Request for Project Graph Received
[NX v22.7.5 Daemon Server] - 2026-06-07T07:00:06.932Z - [REQUEST]: Updated workspace context based on watched changes, recomputing project graph...
[NX v22.7.5 Daemon Server] - 2026-06-07T07:00:06.932Z - [REQUEST]: 
[NX v22.7.5 Daemon Server] - 2026-06-07T07:00:06.932Z - [REQUEST]: 
[NX v22.7.5 Daemon Server] - 2026-06-07T07:00:06.933Z - No files changed, but no in-memory cached project graph found. Recomputing it...
[NX v22.7.5 Daemon Server] - 2026-06-07T07:00:06.934Z - Streaming message to client: progress update for topic graph-construction
[plugin-client] restarting worker for "nx/js/dependencies-and-lockfile"
[NX v22.7.5 Daemon Client] - 2026-06-07T07:00:06.920Z - [Messenger] Received message, length: 47
[isolated-plugin] spawned worker for "nx/js/dependencies-and-lockfile" (pid: 10036, socket: \\.\pipe\nx\C:\Users\toyos\AppData\Local\Temp\plugin10640-33-436393.193.sock)
[plugin-client] restarting worker for "nx/core/package-json"
[isolated-plugin] spawned worker for "nx/core/package-json" (pid: 21656, socket: \\.\pipe\nx\C:\Users\toyos\AppData\Local\Temp\plugin10640-34-436405.6105.sock)
[plugin-client] restarting worker for "nx/core/project-json"
[isolated-plugin] spawned worker for "nx/core/project-json" (pid: 21724, socket: \\.\pipe\nx\C:\Users\toyos\AppData\Local\Temp\plugin10640-35-436418.5382.sock)
[NX v22.7.5 Daemon Server] - 2026-06-07T07:00:06.972Z - Time taken for 'hash changed files from watcher' 0.828200000047218ms
[isolated-plugin] connected to worker for "nx/js/dependencies-and-lockfile" (pid: 10036)
[plugin-worker] "nx/js/dependencies-and-lockfile" (pid: 10036) listening on \\.\pipe\nx\C:\Users\toyos\AppData\Local\Temp\plugin10640-33-436393.193.sock
[NX v22.7.5 Daemon Server] - 2026-06-07T07:00:07.449Z - Time taken for 'start-plugin-worker:nx/js/dependencies-and-lockfile' 511.0131999999867ms
[plugin-worker] "nx/js/dependencies-and-lockfile" (pid: 10036) connected
[1m[33mTime taken for 'plugin worker 10036 code loading' 433.212ms[39m[22m
[plugin-worker] "nx/core/package-json" (pid: 21656) listening on \\.\pipe\nx\C:\Users\toyos\AppData\Local\Temp\plugin10640-34-436405.6105.sock
[1m[33mTime taken for 'plugin worker 21656 code loading' 447.0114ms[39m[22m
[isolated-plugin] connected to worker for "nx/core/package-json" (pid: 21656)
[plugin-worker] "nx/core/package-json" (pid: 21656) connected
[NX v22.7.5 Daemon Server] - 2026-06-07T07:00:07.491Z - Time taken for 'start-plugin-worker:nx/core/package-json' 539.959199999983ms
[plugin-worker] "nx/core/project-json" (pid: 21724) listening on \\.\pipe\nx\C:\Users\toyos\AppData\Local\Temp\plugin10640-35-436418.5382.sock
[1m[33mTime taken for 'plugin worker 21724 code loading' 447.4885ms[39m[22m
[isolated-plugin] connected to worker for "nx/core/project-json" (pid: 21724)
[plugin-worker] "nx/core/project-json" (pid: 21724) connected
[NX v22.7.5 Daemon Server] - 2026-06-07T07:00:07.507Z - Time taken for 'start-plugin-worker:nx/core/project-json' 543.759400000039ms
[plugin-worker] "nx/core/project-json" (pid: 21724) loaded successfully
[1m[33mTime taken for 'nx/core/project-json:createNodes' 2.179899999999975ms[39m[22m
[isolated-plugin] shutting down worker for "nx/core/project-json" after createNodes
[NX v22.7.5 Daemon Server] - 2026-06-07T07:00:07.830Z - Streaming message to client: progress update for topic graph-construction
[NX v22.7.5 Daemon Client] - 2026-06-07T07:00:07.815Z - [Messenger] Received message, length: 153
[plugin-worker] "nx/core/package-json" (pid: 21656) loaded successfully
[plugin-worker] "nx/js/dependencies-and-lockfile" (pid: 10036) loaded successfully
[1m[33mTime taken for 'nx/core/package-json:createNodes' 9.550799999999981ms[39m[22m
[isolated-plugin] shutting down worker for "nx/core/package-json" after createNodes
[NX v22.7.5 Daemon Server] - 2026-06-07T07:00:07.861Z - Streaming message to client: progress update for topic graph-construction
[NX v22.7.5 Daemon Client] - 2026-06-07T07:00:07.847Z - [Messenger] Received message, length: 112
[1m[33mTime taken for 'nx/js/dependencies-and-lockfile:createNodes' 22.080400000000054ms[39m[22m
[NX v22.7.5 Daemon Server] - 2026-06-07T07:00:07.890Z - Streaming message to client: progress update for topic graph-construction
[NX v22.7.5 Daemon Client] - 2026-06-07T07:00:07.875Z - [Messenger] Received message, length: 47
[NX v22.7.5 Daemon Server] - 2026-06-07T07:00:07.913Z - Streaming message to client: progress update for topic graph-construction
[NX v22.7.5 Daemon Server] - 2026-06-07T07:00:07.923Z - Time taken for 'build-project-configs' 960.9339000000036ms
[NX v22.7.5 Daemon Server] - 2026-06-07T07:00:07.924Z - Time taken for 'createNodes:merge' 4.451699999975972ms
[NX v22.7.5 Daemon Server] - 2026-06-07T07:00:07.924Z - Time taken for 'get-all-workspace-files' 0.26559999998426065ms
[NX v22.7.5 Daemon Client] - 2026-06-07T07:00:07.915Z - [Messenger] Received message, length: 47
[isolated-plugin] shutting down worker for "nx/js/dependencies-and-lockfile" after createDependencies
[NX v22.7.5 Daemon Server] - 2026-06-07T07:00:07.962Z - Streaming message to client: progress update for topic graph-construction
[NX v22.7.5 Daemon Client] - 2026-06-07T07:00:07.948Z - [Messenger] Received message, length: 47
[NX v22.7.5 Daemon Server] - 2026-06-07T07:00:08.023Z - Wrote project graph cache to C:\Users\toyos\Medicore-HMS\medicore-hms\.nx\workspace-data\project-graph.json
[NX v22.7.5 Daemon Server] - 2026-06-07T07:00:08.024Z - Serializing response for REQUEST_PROJECT_GRAPH message in json mode
[NX v22.7.5 Daemon Server] - 2026-06-07T07:00:08.024Z - Responding to REQUEST_PROJECT_GRAPH message
[NX v22.7.5 Daemon Server] - 2026-06-07T07:00:08.025Z - [REQUEST]: Responding to the client. project-graph
[NX v22.7.5 Daemon Server] - 2026-06-07T07:00:08.025Z - Time taken for 'total for creating and serializing project graph' 1094.6993000000366ms
[NX v22.7.5 Daemon Server] - 2026-06-07T07:00:08.025Z - Time taken for 'total execution time for createProjectGraph()' 74.50370000000112ms
[NX v22.7.5 Daemon Server] - 2026-06-07T07:00:08.025Z - Time taken for 'createDependencies' 58.008199999982025ms
[NX v22.7.5 Daemon Server] - 2026-06-07T07:00:08.025Z - Time taken for 'nx/js/dependencies-and-lockfile:createDependencies' 57.304899999988265ms
[NX v22.7.5 Daemon Server] - 2026-06-07T07:00:08.025Z - Time taken for 'createMetadata' 0.015499999979510903ms
[NX v22.7.5 Daemon Server] - 2026-06-07T07:00:08.026Z - Time taken for 'serialize graph' 9.804599999974016ms
[NX v22.7.5 Daemon Server] - 2026-06-07T07:00:08.026Z - Time taken for 'write cache' 41.023700000019744ms
[NX v22.7.5 Daemon Server] - 2026-06-07T07:00:08.036Z - Done responding to the client project-graph
[NX v22.7.5 Daemon Server] - 2026-06-07T07:00:08.037Z - Handled json message REQUEST_PROJECT_GRAPH. Handling time: 1095. Response time: 13.
[NX v22.7.5 Daemon Client] - 2026-06-07T07:00:08.024Z - [Messenger] Received message, length: 730800
[NX v22.7.5 Daemon Client] - 2026-06-07T07:00:08.057Z - [Messenger] Sending message type: PRE_TASKS_EXECUTION
[NX v22.7.5 Daemon Client] - 2026-06-07T07:00:08.059Z - [Messenger] Message sent
[NX v22.7.5 Daemon Server] - 2026-06-07T07:00:08.083Z - Received raw message of length 1158
[NX v22.7.5 Daemon Server] - 2026-06-07T07:00:08.083Z - Received json message of type PRE_TASKS_EXECUTION
[NX v22.7.5 Daemon Server] - 2026-06-07T07:00:08.087Z - Serializing response for PRE_TASKS_EXECUTION message in json mode
[NX v22.7.5 Daemon Server] - 2026-06-07T07:00:08.087Z - Responding to PRE_TASKS_EXECUTION message
[NX v22.7.5 Daemon Server] - 2026-06-07T07:00:08.087Z - [REQUEST]: Responding to the client. handleRunPreTasksExecution
[NX v22.7.5 Daemon Client] - 2026-06-07T07:00:08.073Z - [Messenger] Received message, length: 2
[NX v22.7.5 Daemon Server] - 2026-06-07T07:00:08.088Z - Time taken for 'preTasksExecution' 2.6097999999765307ms
[NX v22.7.5 Daemon Server] - 2026-06-07T07:00:08.089Z - Done responding to the client handleRunPreTasksExecution
[NX v22.7.5 Daemon Server] - 2026-06-07T07:00:08.089Z - Handled json message PRE_TASKS_EXECUTION. Handling time: 3. Response time: 2.
[NX v22.7.5 Daemon Client] - 2026-06-07T07:00:08.410Z - [Messenger] Sending message type: HASH_TASKS
[NX v22.7.5 Daemon Client] - 2026-06-07T07:00:08.411Z - [Messenger] Message sent
[NX v22.7.5 Daemon Server] - 2026-06-07T07:00:08.430Z - Received raw message of length 16221
[NX v22.7.5 Daemon Server] - 2026-06-07T07:00:08.431Z - Received json message of type HASH_TASKS
[NX v22.7.5 Daemon Server] - 2026-06-07T07:00:08.433Z - Reusing in-memory cached project graph because no files changed.
DEBUG nx::native::tasks::hash_planner: get_plans_internal COMPLETED in 23.0452ms - processed 2 tasks (setup: 21.4921ms, parallel_planning: 1.4998ms)
DEBUG nx::native::tasks::hashers::hash_workspace_files: Hashing workspace fileset with inputs: Adding "11502482774063263864" (".gitignore") to hash
DEBUG nx::native::tasks::hashers::hash_workspace_files: Hashing workspace fileset with inputs: Adding "17720461057425803082" ("nx.json") to hash
DEBUG nx::native::tasks::hashers::hash_workspace_files: Hashing workspace fileset with inputs: Hash Value: "6799611818206688506"
DEBUG nx::native::tasks::task_hasher: hash_plans COMPLETED in 15.3945ms - processed 2 plans (setup: 1.4533ms, hashing: 13.9341ms, assembly: 6.6919ms)
[NX v22.7.5 Daemon Server] - 2026-06-07T07:00:08.506Z - Serializing response for HASH_TASKS message in json mode
[NX v22.7.5 Daemon Server] - 2026-06-07T07:00:08.507Z - Responding to HASH_TASKS message
[NX v22.7.5 Daemon Server] - 2026-06-07T07:00:08.507Z - [REQUEST]: Responding to the client. handleHashTasks
[NX v22.7.5 Daemon Client] - 2026-06-07T07:00:08.493Z - [Messenger] Received message, length: 45521
[NX v22.7.5 Daemon Server] - 2026-06-07T07:00:08.517Z - Done responding to the client handleHashTasks
[NX v22.7.5 Daemon Server] - 2026-06-07T07:00:08.517Z - Handled json message HASH_TASKS. Handling time: 75. Response time: 11.
[NX v22.7.5 Daemon Client] - 2026-06-07T07:00:08.541Z - [Messenger] Sending message type: GET_ESTIMATED_TASK_TIMINGS
[NX v22.7.5 Daemon Client] - 2026-06-07T07:00:08.543Z - [Messenger] Message sent
[NX v22.7.5 Daemon Server] - 2026-06-07T07:00:08.584Z - Received raw message of length 140
[NX v22.7.5 Daemon Server] - 2026-06-07T07:00:08.584Z - Received json message of type GET_ESTIMATED_TASK_TIMINGS
[NX v22.7.5 Daemon Server] - 2026-06-07T07:00:08.585Z - Serializing response for GET_ESTIMATED_TASK_TIMINGS message in json mode
[NX v22.7.5 Daemon Server] - 2026-06-07T07:00:08.586Z - Responding to GET_ESTIMATED_TASK_TIMINGS message
[NX v22.7.5 Daemon Server] - 2026-06-07T07:00:08.586Z - [REQUEST]: Responding to the client. handleGetEstimatedTaskTimings
[NX v22.7.5 Daemon Client] - 2026-06-07T07:00:08.571Z - [Messenger] Received message, length: 2
[NX v22.7.5 Daemon Server] - 2026-06-07T07:00:08.592Z - Done responding to the client handleGetEstimatedTaskTimings
[NX v22.7.5 Daemon Server] - 2026-06-07T07:00:08.592Z - Handled json message GET_ESTIMATED_TASK_TIMINGS. Handling time: 1. Response time: 7.
[NX v22.7.5 Daemon Server] - 2026-06-07T07:00:13.553Z - [WATCHER]: Processing file changes in outputs
[NX v22.7.5 Daemon Server] - 2026-06-07T07:00:13.628Z - [WATCHER]: Processing file changes in outputs
[NX v22.7.5 Daemon Server] - 2026-06-07T07:00:13.741Z - [WATCHER]: 0 file(s) created or restored, 0 file(s) modified, 0 file(s) deleted
[NX v22.7.5 Daemon Server] - 2026-06-07T07:00:13.845Z - [REQUEST]: Updated workspace context based on watched changes, recomputing project graph...
[NX v22.7.5 Daemon Server] - 2026-06-07T07:00:13.845Z - [REQUEST]: 
[NX v22.7.5 Daemon Server] - 2026-06-07T07:00:13.845Z - [REQUEST]: 
[plugin-client] restarting worker for "nx/js/dependencies-and-lockfile"
[isolated-plugin] spawned worker for "nx/js/dependencies-and-lockfile" (pid: 20060, socket: \\.\pipe\nx\C:\Users\toyos\AppData\Local\Temp\plugin10640-36-443308.2383.sock)
[plugin-client] restarting worker for "nx/core/package-json"
[isolated-plugin] spawned worker for "nx/core/package-json" (pid: 23060, socket: \\.\pipe\nx\C:\Users\toyos\AppData\Local\Temp\plugin10640-37-443331.0156.sock)
[plugin-client] restarting worker for "nx/core/project-json"
[isolated-plugin] spawned worker for "nx/core/project-json" (pid: 9548, socket: \\.\pipe\nx\C:\Users\toyos\AppData\Local\Temp\plugin10640-38-443351.5217.sock)
[NX v22.7.5 Daemon Server] - 2026-06-07T07:00:13.915Z - Time taken for 'hash changed files from watcher' 1.1520000000018626ms
[plugin-worker] "nx/core/project-json" (pid: 9548) listening on \\.\pipe\nx\C:\Users\toyos\AppData\Local\Temp\plugin10640-38-443351.5217.sock
[1m[33mTime taken for 'plugin worker 9548 code loading' 1841.502ms[39m[22m
[isolated-plugin] connected to worker for "nx/core/project-json" (pid: 9548)
[plugin-worker] "nx/core/project-json" (pid: 9548) connected
[NX v22.7.5 Daemon Server] - 2026-06-07T07:00:15.896Z - Time taken for 'start-plugin-worker:nx/core/project-json' 1999.3784999999916ms
[plugin-worker] "nx/core/package-json" (pid: 23060) listening on \\.\pipe\nx\C:\Users\toyos\AppData\Local\Temp\plugin10640-37-443331.0156.sock
[isolated-plugin] connected to worker for "nx/core/package-json" (pid: 23060)
[1m[33mTime taken for 'plugin worker 23060 code loading' 1875.9287ms[39m[22m
[NX v22.7.5 Daemon Server] - 2026-06-07T07:00:15.929Z - Time taken for 'start-plugin-worker:nx/core/package-json' 2052.5847000000067ms
[plugin-worker] "nx/core/package-json" (pid: 23060) connected
[plugin-worker] "nx/js/dependencies-and-lockfile" (pid: 20060) listening on \\.\pipe\nx\C:\Users\toyos\AppData\Local\Temp\plugin10640-36-443308.2383.sock
[1m[33mTime taken for 'plugin worker 20060 code loading' 1991.3357ms[39m[22m
[isolated-plugin] connected to worker for "nx/js/dependencies-and-lockfile" (pid: 20060)
[NX v22.7.5 Daemon Server] - 2026-06-07T07:00:16.022Z - Time taken for 'start-plugin-worker:nx/js/dependencies-and-lockfile' 2160.092000000004ms
[plugin-worker] "nx/js/dependencies-and-lockfile" (pid: 20060) connected
[plugin-worker] "nx/core/project-json" (pid: 9548) loaded successfully
[1m[33mTime taken for 'nx/core/project-json:createNodes' 20.890300000000025ms[39m[22m
[isolated-plugin] shutting down worker for "nx/core/project-json" after createNodes
[plugin-worker] "nx/core/package-json" (pid: 23060) loaded successfully
[1m[33mTime taken for 'nx/core/package-json:createNodes' 71.51839999999993ms[39m[22m
[isolated-plugin] shutting down worker for "nx/core/package-json" after createNodes
[plugin-worker] "nx/js/dependencies-and-lockfile" (pid: 20060) loaded successfully
[1m[33mTime taken for 'nx/js/dependencies-and-lockfile:createNodes' 57.252500000000055ms[39m[22m
[NX v22.7.5 Daemon Server] - 2026-06-07T07:00:17.543Z - Time taken for 'build-project-configs' 3658.3738999999478ms
[NX v22.7.5 Daemon Server] - 2026-06-07T07:00:17.543Z - Time taken for 'createNodes:merge' 5.755700000037905ms
[NX v22.7.5 Daemon Server] - 2026-06-07T07:00:17.543Z - Time taken for 'get-all-workspace-files' 0.6132999999681488ms
[1m[33mTime taken for 'build typescript dependencies' 1.2217000000000553ms[39m[22m
[isolated-plugin] shutting down worker for "nx/js/dependencies-and-lockfile" after createDependencies
[NX v22.7.5 Daemon Server] - 2026-06-07T07:00:17.648Z - [SYNC]: collect registered sync generators
[NX v22.7.5 Daemon Server] - 2026-06-07T07:00:17.650Z - [SYNC]: project graph hash is the same, not collecting task sync generators
[NX v22.7.5 Daemon Server] - 2026-06-07T07:00:17.651Z - [SYNC]: nx.json hash is the same, not collecting global sync generators
[NX v22.7.5 Daemon Server] - 2026-06-07T07:00:17.651Z - Time taken for 'total execution time for createProjectGraph()' 126.54910000000382ms
[NX v22.7.5 Daemon Server] - 2026-06-07T07:00:17.651Z - Time taken for 'createDependencies' 105.39549999998417ms
[NX v22.7.5 Daemon Server] - 2026-06-07T07:00:17.651Z - Time taken for 'nx/js/dependencies-and-lockfile:createDependencies' 105.1771000000299ms
[NX v22.7.5 Daemon Server] - 2026-06-07T07:00:17.651Z - Time taken for 'createMetadata' 0.0166000000317581ms
[NX v22.7.5 Daemon Server] - 2026-06-07T07:00:17.651Z - Time taken for 'serialize graph' 10.00309999997262ms
[NX v22.7.5 Daemon Server] - 2026-06-07T07:00:42.755Z - [WATCHER]: Processing file changes in outputs
[NX v22.7.5 Daemon Server] - 2026-06-07T07:00:43.764Z - [WATCHER]: 0 file(s) created or restored, 0 file(s) modified, 0 file(s) deleted
[NX v22.7.5 Daemon Server] - 2026-06-07T07:00:43.982Z - [REQUEST]: Updated workspace context based on watched changes, recomputing project graph...
[NX v22.7.5 Daemon Server] - 2026-06-07T07:00:43.982Z - [REQUEST]: 
[NX v22.7.5 Daemon Server] - 2026-06-07T07:00:43.982Z - [REQUEST]: 
[plugin-client] restarting worker for "nx/js/dependencies-and-lockfile"
[isolated-plugin] spawned worker for "nx/js/dependencies-and-lockfile" (pid: 3088, socket: \\.\pipe\nx\C:\Users\toyos\AppData\Local\Temp\plugin10640-39-473450.5909.sock)
[plugin-client] restarting worker for "nx/core/package-json"
[isolated-plugin] spawned worker for "nx/core/package-json" (pid: 16968, socket: \\.\pipe\nx\C:\Users\toyos\AppData\Local\Temp\plugin10640-40-473467.2095.sock)
[plugin-client] restarting worker for "nx/core/project-json"
[isolated-plugin] spawned worker for "nx/core/project-json" (pid: 13104, socket: \\.\pipe\nx\C:\Users\toyos\AppData\Local\Temp\plugin10640-41-473498.4471.sock)
[NX v22.7.5 Daemon Server] - 2026-06-07T07:00:44.069Z - Time taken for 'hash changed files from watcher' 0.8509000000194646ms
[plugin-worker] "nx/js/dependencies-and-lockfile" (pid: 3088) listening on \\.\pipe\nx\C:\Users\toyos\AppData\Local\Temp\plugin10640-39-473450.5909.sock
[1m[33mTime taken for 'plugin worker 3088 code loading' 1919.4208999999998ms[39m[22m
[isolated-plugin] connected to worker for "nx/js/dependencies-and-lockfile" (pid: 3088)
[NX v22.7.5 Daemon Server] - 2026-06-07T07:00:46.116Z - Time taken for 'start-plugin-worker:nx/js/dependencies-and-lockfile' 2113.5240999999805ms
[plugin-worker] "nx/js/dependencies-and-lockfile" (pid: 3088) connected
[plugin-worker] "nx/core/package-json" (pid: 16968) listening on \\.\pipe\nx\C:\Users\toyos\AppData\Local\Temp\plugin10640-40-473467.2095.sock
[1m[33mTime taken for 'plugin worker 16968 code loading' 2021.8435000000002ms[39m[22m
[isolated-plugin] connected to worker for "nx/core/package-json" (pid: 16968)
[plugin-worker] "nx/core/package-json" (pid: 16968) connected
[NX v22.7.5 Daemon Server] - 2026-06-07T07:00:46.292Z - Time taken for 'start-plugin-worker:nx/core/package-json' 2274.9890000000014ms
[plugin-worker] "nx/core/project-json" (pid: 13104) listening on \\.\pipe\nx\C:\Users\toyos\AppData\Local\Temp\plugin10640-41-473498.4471.sock
[isolated-plugin] connected to worker for "nx/core/project-json" (pid: 13104)
[plugin-worker] "nx/core/project-json" (pid: 13104) connected
[NX v22.7.5 Daemon Server] - 2026-06-07T07:00:46.370Z - Time taken for 'start-plugin-worker:nx/core/project-json' 2327.907999999996ms
[1m[33mTime taken for 'plugin worker 13104 code loading' 2103.8318ms[39m[22m
[plugin-worker] "nx/core/project-json" (pid: 13104) loaded successfully
[plugin-worker] "nx/core/package-json" (pid: 16968) loaded successfully
[plugin-worker] "nx/js/dependencies-and-lockfile" (pid: 3088) loaded successfully
[1m[33mTime taken for 'nx/core/project-json:createNodes' 13.507599999999911ms[39m[22m
[isolated-plugin] shutting down worker for "nx/core/project-json" after createNodes
[isolated-plugin] shutting down worker for "nx/core/package-json" after createNodes
[1m[33mTime taken for 'nx/js/dependencies-and-lockfile:createNodes' 120.79140000000007ms[39m[22m
[NX v22.7.5 Daemon Server] - 2026-06-07T07:00:47.561Z - Time taken for 'build-project-configs' 3539.9964000000036ms
[NX v22.7.5 Daemon Server] - 2026-06-07T07:00:47.561Z - Time taken for 'createNodes:merge' 6.721799999999348ms
[NX v22.7.5 Daemon Server] - 2026-06-07T07:00:47.561Z - Time taken for 'get-all-workspace-files' 0.6479999999864958ms
[1m[33mTime taken for 'build typescript dependencies' 0.8168000000000575ms[39m[22m
[isolated-plugin] shutting down worker for "nx/js/dependencies-and-lockfile" after createDependencies
[NX v22.7.5 Daemon Server] - 2026-06-07T07:00:47.756Z - [SYNC]: collect registered sync generators
[NX v22.7.5 Daemon Server] - 2026-06-07T07:00:47.758Z - [SYNC]: project graph hash is the same, not collecting task sync generators
[NX v22.7.5 Daemon Server] - 2026-06-07T07:00:47.759Z - [SYNC]: nx.json hash is the same, not collecting global sync generators
[NX v22.7.5 Daemon Server] - 2026-06-07T07:00:47.760Z - Time taken for 'total execution time for createProjectGraph()' 205.8259000000544ms
[NX v22.7.5 Daemon Server] - 2026-06-07T07:00:47.760Z - Time taken for 'createDependencies' 188.25399999995716ms
[NX v22.7.5 Daemon Server] - 2026-06-07T07:00:47.760Z - Time taken for 'nx/js/dependencies-and-lockfile:createDependencies' 187.94020000001183ms
[NX v22.7.5 Daemon Server] - 2026-06-07T07:00:47.760Z - Time taken for 'createMetadata' 0.06089999998221174ms
[NX v22.7.5 Daemon Server] - 2026-06-07T07:00:47.760Z - Time taken for 'serialize graph' 14.834299999987707ms
[NX v22.7.5 Daemon Client] - 2026-06-07T07:03:01.720Z - [Messenger] Sending message type: RECORD_TASK_RUNS
[NX v22.7.5 Daemon Client] - 2026-06-07T07:03:01.722Z - [Messenger] Message sent
[NX v22.7.5 Daemon Server] - 2026-06-07T07:03:01.722Z - Received raw message of length 388
[NX v22.7.5 Daemon Server] - 2026-06-07T07:03:01.723Z - Received json message of type RECORD_TASK_RUNS
[NX v22.7.5 Daemon Server] - 2026-06-07T07:03:01.730Z - Serializing response for RECORD_TASK_RUNS message in json mode
[NX v22.7.5 Daemon Server] - 2026-06-07T07:03:01.730Z - Responding to RECORD_TASK_RUNS message
[NX v22.7.5 Daemon Server] - 2026-06-07T07:03:01.730Z - [REQUEST]: Responding to the client. handleRecordTaskRuns
[NX v22.7.5 Daemon Server] - 2026-06-07T07:03:01.731Z - Done responding to the client handleRecordTaskRuns
[NX v22.7.5 Daemon Server] - 2026-06-07T07:03:01.731Z - Handled json message RECORD_TASK_RUNS. Handling time: 7. Response time: 1.
[NX v22.7.5 Daemon Client] - 2026-06-07T07:03:01.732Z - [Messenger] Received message, length: 4
[NX v22.7.5 Daemon Server] - 2026-06-07T07:03:01.774Z - Established a connection. Number of open connections: 2
[NX v22.7.5 Daemon Client] - 2026-06-07T07:03:01.776Z - [Messenger] Sending message type: GET_CONFIGURE_AI_AGENTS_STATUS
[NX v22.7.5 Daemon Client] - 2026-06-07T07:03:01.777Z - [Messenger] Message sent
[NX v22.7.5 Daemon Server] - 2026-06-07T07:03:01.776Z - Closed a connection. Number of open connections: 1
[NX v22.7.5 Daemon Server] - 2026-06-07T07:03:01.780Z - Received raw message of length 41
[NX v22.7.5 Daemon Server] - 2026-06-07T07:03:01.780Z - Received json message of type GET_CONFIGURE_AI_AGENTS_STATUS
[NX v22.7.5 Daemon Server] - 2026-06-07T07:03:01.781Z - [AI-AGENTS]: Returning cached agent configuration status
[NX v22.7.5 Daemon Server] - 2026-06-07T07:03:01.781Z - Serializing response for GET_CONFIGURE_AI_AGENTS_STATUS message in json mode
[NX v22.7.5 Daemon Server] - 2026-06-07T07:03:01.781Z - Responding to GET_CONFIGURE_AI_AGENTS_STATUS message
[NX v22.7.5 Daemon Server] - 2026-06-07T07:03:01.781Z - [REQUEST]: Responding to the client. handleGetConfigureAiAgentsStatus
[NX v22.7.5 Daemon Server] - 2026-06-07T07:03:01.781Z - Done responding to the client handleGetConfigureAiAgentsStatus
[NX v22.7.5 Daemon Server] - 2026-06-07T07:03:01.782Z - Handled json message GET_CONFIGURE_AI_AGENTS_STATUS. Handling time: 1. Response time: 1.
[NX v22.7.5 Daemon Client] - 2026-06-07T07:03:01.783Z - [Messenger] Received message, length: 104
[NX v22.7.5 Daemon Client] - 2026-06-07T07:03:01.786Z - [Messenger] Sending message type: POST_TASKS_EXECUTION
[NX v22.7.5 Daemon Client] - 2026-06-07T07:03:01.788Z - [Messenger] Message sent
[NX v22.7.5 Daemon Server] - 2026-06-07T07:03:01.788Z - Received raw message of length 58457
[NX v22.7.5 Daemon Server] - 2026-06-07T07:03:01.791Z - Received json message of type POST_TASKS_EXECUTION
[NX v22.7.5 Daemon Server] - 2026-06-07T07:03:01.794Z - Serializing response for POST_TASKS_EXECUTION message in json mode
[NX v22.7.5 Daemon Server] - 2026-06-07T07:03:01.794Z - Responding to POST_TASKS_EXECUTION message
[NX v22.7.5 Daemon Server] - 2026-06-07T07:03:01.794Z - [REQUEST]: Responding to the client. handleRunPostTasksExecution
[NX v22.7.5 Daemon Server] - 2026-06-07T07:03:01.795Z - Time taken for 'postTasksExecution' 1.7182000000029802ms
[NX v22.7.5 Daemon Server] - 2026-06-07T07:03:01.795Z - Done responding to the client handleRunPostTasksExecution
[NX v22.7.5 Daemon Server] - 2026-06-07T07:03:01.795Z - Handled json message POST_TASKS_EXECUTION. Handling time: 2. Response time: 1.
[NX v22.7.5 Daemon Client] - 2026-06-07T07:03:01.796Z - [Messenger] Received message, length: 4
[NX v22.7.5 Daemon Server] - 2026-06-07T07:03:01.823Z - Closed a connection. Number of open connections: 0
[NX v22.7.5 Daemon Server] - 2026-06-07T12:05:51.149Z - [WATCHER]: Stopping the watcher for C:\Users\toyos\Medicore-HMS\medicore-hms (sources)
[NX v22.7.5 Daemon Server] - 2026-06-07T12:05:51.153Z - [WATCHER]: Stopping the watcher for C:\Users\toyos\Medicore-HMS\medicore-hms (outputs)
[NX v22.7.5 Daemon Server] - 2026-06-07T12:05:51.157Z - [LATEST-NX]: Cleaning up latest Nx installation from C:\Users\toyos\AppData\Local\Temp\tmp-10640-E5j475qSwXyO
[NX v22.7.5 Daemon Server] - 2026-06-07T12:05:51.164Z - Server stopped because: "10800000ms of inactivity"
[NX v22.7.5 Daemon Client] - 2026-06-08T08:06:27.010Z - [Client] Starting new daemon server in background
[NX v22.7.5 Daemon Client] - 2026-06-08T08:06:27.045Z - [Client] Waiting for server (max: 6000 attempts, 10ms interval)
[NX v22.7.5 Daemon Server] - 2026-06-08T08:06:32.323Z - New daemon starting from: C:\Users\toyos\Medicore-HMS\medicore-hms\node_modules\nx\dist\src\daemon\server\server.js
[NX v22.7.5 Daemon Server] - 2026-06-08T08:06:32.326Z - New daemon __dirname: C:\Users\toyos\Medicore-HMS\medicore-hms\node_modules\nx\dist\src\daemon\server
[NX v22.7.5 Daemon Server] - 2026-06-08T08:06:32.326Z - New daemon nxVersion: 22.7.5
[NX v22.7.5 Daemon Server] - 2026-06-08T08:06:32.329Z - New daemon getInstalledNxVersion(): 22.7.5
[NX v22.7.5 Daemon Server] - 2026-06-08T08:06:32.341Z - Time taken for 'workspace context init' 33.22810000000027ms
[NX v22.7.5 Daemon Server] - 2026-06-08T08:06:32.361Z - [Server] Starting outdated check interval (20ms)
[NX v22.7.5 Daemon Server] - 2026-06-08T08:06:32.375Z - Started listening on: \\.\pipe\nx\C:\Users\toyos\AppData\Local\Temp\24d67fee6d0b7e87eb4c\d.sock
[NX v22.7.5 Daemon Client] - 2026-06-08T08:06:32.407Z - [Client] Server available
[NX v22.7.5 Daemon Client] - 2026-06-08T08:06:32.409Z - [Client] Daemon server started, pid=23260
[NX v22.7.5 Daemon Client] - 2026-06-08T08:06:32.413Z - [Messenger] Setting up socket listeners
[NX v22.7.5 Daemon Client] - 2026-06-08T08:06:32.418Z - [Messenger] listen() complete
[NX v22.7.5 Daemon Server] - 2026-06-08T08:06:32.434Z - [WATCHER]: Subscribed to changes within: C:\Users\toyos\Medicore-HMS\medicore-hms (native)
[NX v22.7.5 Daemon Server] - 2026-06-08T08:06:32.448Z - [LATEST-NX]: Pulling latest Nx...
[NX v22.7.5 Daemon Server] - 2026-06-08T08:06:32.510Z - [AI-AGENTS]: Starting agent configuration status computation
[NX v22.7.5 Daemon Server] - 2026-06-08T08:06:32.529Z - Established a connection. Number of open connections: 1
[NX v22.7.5 Daemon Server] - 2026-06-08T08:06:32.530Z - Established a connection. Number of open connections: 2
[NX v22.7.5 Daemon Server] - 2026-06-08T08:06:32.539Z - Closed a connection. Number of open connections: 1
[isolated-plugin] spawned worker for "C:\Users\toyos\Medicore-HMS\medicore-hms\node_modules\nx\dist\src\plugins\js" (pid: 12856, socket: \\.\pipe\nx\C:\Users\toyos\AppData\Local\Temp\plugin23260-0-5475.6702.sock)
[isolated-plugin] spawned worker for "C:\Users\toyos\Medicore-HMS\medicore-hms\node_modules\nx\dist\src\plugins\package-json" (pid: 17932, socket: \\.\pipe\nx\C:\Users\toyos\AppData\Local\Temp\plugin23260-1-5511.9459.sock)
[isolated-plugin] spawned worker for "C:\Users\toyos\Medicore-HMS\medicore-hms\node_modules\nx\dist\src\plugins\project-json\build-nodes\project-json" (pid: 23816, socket: \\.\pipe\nx\C:\Users\toyos\AppData\Local\Temp\plugin23260-2-5557.5335.sock)
[NX v22.7.5 Daemon Server] - 2026-06-08T08:06:32.700Z - Time taken for 'loadSpecifiedNxPlugins' 116.3086000000003ms
[plugin-worker] "C:\Users\toyos\Medicore-HMS\medicore-hms\node_modules\nx\dist\src\plugins\js" (pid: 12856) listening on \\.\pipe\nx\C:\Users\toyos\AppData\Local\Temp\plugin23260-0-5475.6702.sock
[isolated-plugin] connected to worker for "C:\Users\toyos\Medicore-HMS\medicore-hms\node_modules\nx\dist\src\plugins\js" (pid: 12856)
[plugin-worker] "C:\Users\toyos\Medicore-HMS\medicore-hms\node_modules\nx\dist\src\plugins\package-json" (pid: 17932) listening on \\.\pipe\nx\C:\Users\toyos\AppData\Local\Temp\plugin23260-1-5511.9459.sock
[1m[33mTime taken for 'plugin worker 17932 code loading' 2554.5696ms[39m[22m
[plugin-worker] "C:\Users\toyos\Medicore-HMS\medicore-hms\node_modules\nx\dist\src\plugins\project-json\build-nodes\project-json" (pid: 23816) listening on \\.\pipe\nx\C:\Users\toyos\AppData\Local\Temp\plugin23260-2-5557.5335.sock
[1m[33mTime taken for 'plugin worker 23816 code loading' 2488.3564ms[39m[22m
[plugin-worker] "C:\Users\toyos\Medicore-HMS\medicore-hms\node_modules\nx\dist\src\plugins\js" (pid: 12856) connected
[1m[33mTime taken for 'plugin worker 12856 code loading' 2595.5868ms[39m[22m
[NX v22.7.5 Daemon Server] - 2026-06-08T08:06:35.423Z - Time taken for 'start-plugin-worker:C:\Users\toyos\Medicore-HMS\medicore-hms\node_modules\nx\dist\src\plugins\js' 2823.453299999999ms
[isolated-plugin] connected to worker for "C:\Users\toyos\Medicore-HMS\medicore-hms\node_modules\nx\dist\src\plugins\package-json" (pid: 17932)
[isolated-plugin] connected to worker for "C:\Users\toyos\Medicore-HMS\medicore-hms\node_modules\nx\dist\src\plugins\project-json\build-nodes\project-json" (pid: 23816)
[plugin-worker] "C:\Users\toyos\Medicore-HMS\medicore-hms\node_modules\nx\dist\src\plugins\package-json" (pid: 17932) connected
[plugin-worker] "C:\Users\toyos\Medicore-HMS\medicore-hms\node_modules\nx\dist\src\plugins\project-json\build-nodes\project-json" (pid: 23816) connected
[NX v22.7.5 Daemon Server] - 2026-06-08T08:06:35.452Z - Time taken for 'start-plugin-worker:C:\Users\toyos\Medicore-HMS\medicore-hms\node_modules\nx\dist\src\plugins\package-json' 2813.2538000000004ms
[NX v22.7.5 Daemon Server] - 2026-06-08T08:06:35.452Z - Time taken for 'start-plugin-worker:C:\Users\toyos\Medicore-HMS\medicore-hms\node_modules\nx\dist\src\plugins\project-json\build-nodes\project-json' 2778.9738000000007ms
[plugin-worker] "C:\Users\toyos\Medicore-HMS\medicore-hms\node_modules\nx\dist\src\plugins\project-json\build-nodes\project-json" (pid: 23816) loaded successfully
[NX v22.7.5 Daemon Server] - 2026-06-08T08:06:37.576Z - Time taken for 'Load Nx Plugin: C:\Users\toyos\Medicore-HMS\medicore-hms\node_modules\nx\dist\src\plugins\project-json\build-nodes\project-json' 5007.324500000001ms
[plugin-worker] "C:\Users\toyos\Medicore-HMS\medicore-hms\node_modules\nx\dist\src\plugins\package-json" (pid: 17932) loaded successfully
[NX v22.7.5 Daemon Server] - 2026-06-08T08:06:37.641Z - Time taken for 'Load Nx Plugin: C:\Users\toyos\Medicore-HMS\medicore-hms\node_modules\nx\dist\src\plugins\package-json' 5077.238700000001ms
[plugin-worker] "C:\Users\toyos\Medicore-HMS\medicore-hms\node_modules\nx\dist\src\plugins\js" (pid: 12856) loaded successfully
[NX v22.7.5 Daemon Server] - 2026-06-08T08:06:37.942Z - [REQUEST]: Updated workspace context based on watched changes, recomputing project graph...
[NX v22.7.5 Daemon Server] - 2026-06-08T08:06:37.942Z - [REQUEST]: 
[NX v22.7.5 Daemon Server] - 2026-06-08T08:06:37.942Z - [REQUEST]: 
[NX v22.7.5 Daemon Server] - 2026-06-08T08:06:37.992Z - Time taken for 'loadDefaultNxPlugins' 5376.873099999999ms
[NX v22.7.5 Daemon Server] - 2026-06-08T08:06:37.993Z - Time taken for 'Load Nx Plugin: C:\Users\toyos\Medicore-HMS\medicore-hms\node_modules\nx\dist\src\plugins\js' 5375.96ms
[NX v22.7.5 Daemon Server] - 2026-06-08T08:06:37.993Z - Time taken for 'hash changed files from watcher' 9.0617000000002ms
[1m[33mTime taken for 'nx/core/project-json:createNodes' 6.26509999999962ms[39m[22m
[isolated-plugin] shutting down worker for "nx/core/project-json" after createNodes
[1m[33mTime taken for 'nx/core/package-json:createNodes' 31.94760000000042ms[39m[22m
[isolated-plugin] shutting down worker for "nx/core/package-json" after createNodes
[NX v22.7.5 Daemon Client] - 2026-06-08T08:06:38.066Z - [Messenger] Sending message type: REQUEST_PROJECT_GRAPH
[NX v22.7.5 Daemon Client] - 2026-06-08T08:06:38.070Z - [Messenger] Message sent
[NX v22.7.5 Daemon Server] - 2026-06-08T08:06:38.079Z - Received raw message of length 4564
[NX v22.7.5 Daemon Server] - 2026-06-08T08:06:38.080Z - Received json message of type REQUEST_PROJECT_GRAPH
[NX v22.7.5 Daemon Server] - 2026-06-08T08:06:38.083Z - [REQUEST]: Client Request for Project Graph Received
[NX v22.7.5 Daemon Server] - 2026-06-08T08:06:38.090Z - Reusing in-memory cached project graph because no files changed.
[1m[33mTime taken for 'nx/js/dependencies-and-lockfile:createNodes' 70.03410000000076ms[39m[22m
[NX v22.7.5 Daemon Server] - 2026-06-08T08:06:38.120Z - Streaming message to client: progress update for topic graph-construction
[NX v22.7.5 Daemon Client] - 2026-06-08T08:06:38.125Z - [Messenger] Received message, length: 47
[NX v22.7.5 Daemon Server] - 2026-06-08T08:06:38.367Z - Streaming message to client: progress update for topic graph-construction
[NX v22.7.5 Daemon Server] - 2026-06-08T08:06:38.378Z - Time taken for 'build-project-configs' 279.9892999999993ms
[NX v22.7.5 Daemon Server] - 2026-06-08T08:06:38.378Z - Time taken for 'createNodes:merge' 108.14510000000155ms
[NX v22.7.5 Daemon Server] - 2026-06-08T08:06:38.379Z - Time taken for 'native-file-deps' 0.3294000000005326ms
[NX v22.7.5 Daemon Server] - 2026-06-08T08:06:38.379Z - Time taken for 'get-workspace-files' 10.894200000000637ms
[NX v22.7.5 Daemon Server] - 2026-06-08T08:06:38.379Z - Time taken for 'get-all-workspace-files' 0.33920000000034634ms
[NX v22.7.5 Daemon Server] - 2026-06-08T08:06:38.379Z - Time taken for 'read cache' 12.62750000000051ms
[NX v22.7.5 Daemon Client] - 2026-06-08T08:06:38.390Z - [Messenger] Received message, length: 47
[1m[33mTime taken for 'build typescript dependencies' 0.7784999999994398ms[39m[22m
[isolated-plugin] shutting down worker for "nx/js/dependencies-and-lockfile" after createDependencies
[NX v22.7.5 Daemon Server] - 2026-06-08T08:06:38.457Z - Streaming message to client: progress update for topic graph-construction
[NX v22.7.5 Daemon Client] - 2026-06-08T08:06:38.458Z - [Messenger] Received message, length: 47
[NX v22.7.5 Daemon Server] - 2026-06-08T08:06:38.516Z - [SYNC]: collect registered sync generators
[NX v22.7.5 Daemon Server] - 2026-06-08T08:06:38.576Z - Wrote project graph cache to C:\Users\toyos\Medicore-HMS\medicore-hms\.nx\workspace-data\project-graph.json
[NX v22.7.5 Daemon Server] - 2026-06-08T08:06:38.577Z - Serializing response for REQUEST_PROJECT_GRAPH message in json mode
[NX v22.7.5 Daemon Server] - 2026-06-08T08:06:38.577Z - Responding to REQUEST_PROJECT_GRAPH message
[NX v22.7.5 Daemon Server] - 2026-06-08T08:06:38.578Z - [REQUEST]: Responding to the client. project-graph
[NX v22.7.5 Daemon Server] - 2026-06-08T08:06:38.580Z - Time taken for 'total for creating and serializing project graph' 494.04899999999907ms
[NX v22.7.5 Daemon Server] - 2026-06-08T08:06:38.581Z - Time taken for 'total execution time for createProjectGraph()' 202.48949999999968ms
[NX v22.7.5 Daemon Server] - 2026-06-08T08:06:38.581Z - Time taken for 'createDependencies' 129.29080000000067ms
[NX v22.7.5 Daemon Server] - 2026-06-08T08:06:38.581Z - Time taken for 'nx/js/dependencies-and-lockfile:createDependencies' 127.3125ms
[NX v22.7.5 Daemon Server] - 2026-06-08T08:06:38.581Z - Time taken for 'createMetadata' 0.08190000000104192ms
[NX v22.7.5 Daemon Server] - 2026-06-08T08:06:38.581Z - Time taken for 'serialize graph' 13.81039999999848ms
[NX v22.7.5 Daemon Server] - 2026-06-08T08:06:38.581Z - Time taken for 'write cache' 50.95960000000014ms
[NX v22.7.5 Daemon Server] - 2026-06-08T08:06:38.598Z - Done responding to the client project-graph
[NX v22.7.5 Daemon Server] - 2026-06-08T08:06:38.598Z - Handled json message REQUEST_PROJECT_GRAPH. Handling time: 494. Response time: 21.
[NX v22.7.5 Daemon Client] - 2026-06-08T08:06:38.599Z - [Messenger] Received message, length: 730800
[NX v22.7.5 Daemon Client] - 2026-06-08T08:06:38.648Z - [Messenger] Sending message type: PRE_TASKS_EXECUTION
[NX v22.7.5 Daemon Client] - 2026-06-08T08:06:38.650Z - [Messenger] Message sent
[NX v22.7.5 Daemon Server] - 2026-06-08T08:06:38.656Z - Received raw message of length 1160
[NX v22.7.5 Daemon Server] - 2026-06-08T08:06:38.656Z - Received json message of type PRE_TASKS_EXECUTION
[NX v22.7.5 Daemon Server] - 2026-06-08T08:06:38.664Z - Serializing response for PRE_TASKS_EXECUTION message in json mode
[NX v22.7.5 Daemon Server] - 2026-06-08T08:06:38.664Z - Responding to PRE_TASKS_EXECUTION message
[NX v22.7.5 Daemon Server] - 2026-06-08T08:06:38.664Z - [REQUEST]: Responding to the client. handleRunPreTasksExecution
[NX v22.7.5 Daemon Server] - 2026-06-08T08:06:38.666Z - Time taken for 'preTasksExecution' 5.6370999999999185ms
[NX v22.7.5 Daemon Client] - 2026-06-08T08:06:38.665Z - [Messenger] Received message, length: 2
[NX v22.7.5 Daemon Server] - 2026-06-08T08:06:38.676Z - Done responding to the client handleRunPreTasksExecution
[NX v22.7.5 Daemon Server] - 2026-06-08T08:06:38.676Z - Handled json message PRE_TASKS_EXECUTION. Handling time: 7. Response time: 12.
[NX v22.7.5 Daemon Client] - 2026-06-08T08:06:40.315Z - [Messenger] Sending message type: HASH_TASKS
[NX v22.7.5 Daemon Client] - 2026-06-08T08:06:40.317Z - [Messenger] Message sent
[NX v22.7.5 Daemon Server] - 2026-06-08T08:06:40.343Z - Received raw message of length 16221
[NX v22.7.5 Daemon Server] - 2026-06-08T08:06:40.344Z - Received json message of type HASH_TASKS
[NX v22.7.5 Daemon Server] - 2026-06-08T08:06:40.348Z - Reusing in-memory cached project graph because no files changed.
DEBUG nx::native::tasks::hash_planner: get_plans_internal COMPLETED in 244.2265ms - processed 2 tasks (setup: 141.9717ms, parallel_planning: 102.2154ms)
DEBUG nx::native::tasks::hashers::hash_workspace_files: Hashing workspace fileset with inputs: Adding "11502482774063263864" (".gitignore") to hash
DEBUG nx::native::tasks::hashers::hash_workspace_files: Hashing workspace fileset with inputs: Adding "17720461057425803082" ("nx.json") to hash
DEBUG nx::native::tasks::hashers::hash_workspace_files: Hashing workspace fileset with inputs: Hash Value: "6799611818206688506"
DEBUG nx::native::tasks::hashers::hash_workspace_files: Hashing workspace fileset with inputs: Adding "11502482774063263864" (".gitignore") to hash
DEBUG nx::native::tasks::hashers::hash_workspace_files: Hashing workspace fileset with inputs: Adding "17720461057425803082" ("nx.json") to hash
DEBUG nx::native::tasks::hashers::hash_workspace_files: Hashing workspace fileset with inputs: Hash Value: "6799611818206688506"
DEBUG nx::native::tasks::task_hasher: hash_plans COMPLETED in 120.6863ms - processed 2 plans (setup: 15.4007ms, hashing: 105.2431ms, assembly: 39.1148ms)
[NX v22.7.5 Daemon Server] - 2026-06-08T08:06:41.014Z - Serializing response for HASH_TASKS message in json mode
[NX v22.7.5 Daemon Server] - 2026-06-08T08:06:41.016Z - Responding to HASH_TASKS message
[NX v22.7.5 Daemon Server] - 2026-06-08T08:06:41.017Z - [REQUEST]: Responding to the client. handleHashTasks
[NX v22.7.5 Daemon Client] - 2026-06-08T08:06:41.031Z - [Messenger] Received message, length: 45521
[NX v22.7.5 Daemon Server] - 2026-06-08T08:06:41.065Z - Done responding to the client handleHashTasks
[NX v22.7.5 Daemon Server] - 2026-06-08T08:06:41.066Z - Handled json message HASH_TASKS. Handling time: 669. Response time: 52.
[NX v22.7.5 Daemon Client] - 2026-06-08T08:06:44.160Z - [Messenger] Sending message type: GET_ESTIMATED_TASK_TIMINGS
[NX v22.7.5 Daemon Client] - 2026-06-08T08:06:44.162Z - [Messenger] Message sent
[NX v22.7.5 Daemon Server] - 2026-06-08T08:06:44.297Z - Received raw message of length 140
[NX v22.7.5 Daemon Server] - 2026-06-08T08:06:44.298Z - Received json message of type GET_ESTIMATED_TASK_TIMINGS
[NX v22.7.5 Daemon Server] - 2026-06-08T08:06:44.365Z - Serializing response for GET_ESTIMATED_TASK_TIMINGS message in json mode
[NX v22.7.5 Daemon Server] - 2026-06-08T08:06:44.365Z - Responding to GET_ESTIMATED_TASK_TIMINGS message
[NX v22.7.5 Daemon Server] - 2026-06-08T08:06:44.365Z - [REQUEST]: Responding to the client. handleGetEstimatedTaskTimings
[NX v22.7.5 Daemon Client] - 2026-06-08T08:06:44.369Z - [Messenger] Received message, length: 2
[NX v22.7.5 Daemon Server] - 2026-06-08T08:06:44.413Z - Done responding to the client handleGetEstimatedTaskTimings
[NX v22.7.5 Daemon Server] - 2026-06-08T08:06:44.413Z - Handled json message GET_ESTIMATED_TASK_TIMINGS. Handling time: 67. Response time: 48.
Fetching nx...
[NX v22.7.5 Daemon Server] - 2026-06-08T08:07:33.464Z - [WATCHER]: Processing file changes in outputs
[NX v22.7.5 Daemon Server] - 2026-06-08T08:07:34.246Z - [WATCHER]: 0 file(s) created or restored, 0 file(s) modified, 0 file(s) deleted
[NX v22.7.5 Daemon Server] - 2026-06-08T08:07:34.551Z - [REQUEST]: Updated workspace context based on watched changes, recomputing project graph...
[NX v22.7.5 Daemon Server] - 2026-06-08T08:07:34.552Z - [REQUEST]: 
[NX v22.7.5 Daemon Server] - 2026-06-08T08:07:34.552Z - [REQUEST]: 
[plugin-client] restarting worker for "nx/js/dependencies-and-lockfile"
[isolated-plugin] spawned worker for "nx/js/dependencies-and-lockfile" (pid: 9512, socket: \\.\pipe\nx\C:\Users\toyos\AppData\Local\Temp\plugin23260-3-67529.8674.sock)
[plugin-client] restarting worker for "nx/core/package-json"
[isolated-plugin] spawned worker for "nx/core/package-json" (pid: 24412, socket: \\.\pipe\nx\C:\Users\toyos\AppData\Local\Temp\plugin23260-4-67781.99.sock)
[plugin-client] restarting worker for "nx/core/project-json"
[isolated-plugin] spawned worker for "nx/core/project-json" (pid: 18968, socket: \\.\pipe\nx\C:\Users\toyos\AppData\Local\Temp\plugin23260-5-67919.4563.sock)
[NX v22.7.5 Daemon Server] - 2026-06-08T08:07:35.181Z - Time taken for 'hash changed files from watcher' 140.46540000000095ms

[isolated-plugin] connected to worker for "nx/core/package-json" (pid: 24412)
[isolated-plugin] connected to worker for "nx/core/project-json" (pid: 18968)
[isolated-plugin] connected to worker for "nx/js/dependencies-and-lockfile" (pid: 9512)
[plugin-worker] "nx/core/package-json" (pid: 24412) listening on \\.\pipe\nx\C:\Users\toyos\AppData\Local\Temp\plugin23260-4-67781.99.sock
[plugin-worker] "nx/js/dependencies-and-lockfile" (pid: 9512) listening on \\.\pipe\nx\C:\Users\toyos\AppData\Local\Temp\plugin23260-3-67529.8674.sock
[plugin-worker] "nx/core/project-json" (pid: 18968) listening on \\.\pipe\nx\C:\Users\toyos\AppData\Local\Temp\plugin23260-5-67919.4563.sock
[NX v22.7.5 Daemon Server] - 2026-06-08T08:08:20.438Z - Time taken for 'start-plugin-worker:nx/js/dependencies-and-lockfile' 45794.25480000001ms
[NX v22.7.5 Daemon Server] - 2026-06-08T08:08:20.438Z - Time taken for 'start-plugin-worker:nx/core/package-json' 45524.33129999999ms
[NX v22.7.5 Daemon Server] - 2026-06-08T08:08:20.439Z - Time taken for 'start-plugin-worker:nx/core/project-json' 45395.47290000001ms
[plugin-worker] "nx/core/package-json" (pid: 24412) connected
[plugin-worker] "nx/core/project-json" (pid: 18968) connected
[plugin-worker] "nx/js/dependencies-and-lockfile" (pid: 9512) connected
[1m[33mTime taken for 'plugin worker 18968 code loading' 44623.339199999995ms[39m[22m
[1m[33mTime taken for 'plugin worker 9512 code loading' 44975.1394ms[39m[22m
[1m[33mTime taken for 'plugin worker 24412 code loading' 44935.2551ms[39m[22m
[plugin-worker] "nx/core/project-json" (pid: 18968) loaded successfully
[isolated-plugin] shutting down worker for "nx/core/project-json" after createNodes
[plugin-worker] "nx/core/package-json" (pid: 24412) loaded successfully
[isolated-plugin] shutting down worker for "nx/core/package-json" after createNodes
Creating project graph nodes with nx/js/dependencies-and-lockfile
[plugin-worker] "nx/js/dependencies-and-lockfile" (pid: 9512) loaded successfully
[1m[33mTime taken for 'nx/js/dependencies-and-lockfile:createNodes' 128.33709999998973ms[39m[22m

[NX v22.7.5 Daemon Server] - 2026-06-08T08:08:44.481Z - Time taken for 'build-project-configs' 69472.7338ms
[NX v22.7.5 Daemon Server] - 2026-06-08T08:08:44.481Z - Time taken for 'createNodes:merge' 11.560900000011316ms
[NX v22.7.5 Daemon Server] - 2026-06-08T08:08:44.481Z - Time taken for 'get-all-workspace-files' 0.38210000001708977ms
[1m[33mTime taken for 'build typescript dependencies' 4.552100000000792ms[39m[22m
[isolated-plugin] shutting down worker for "nx/js/dependencies-and-lockfile" after createDependencies
[NX v22.7.5 Daemon Server] - 2026-06-08T08:08:44.878Z - [SYNC]: collect registered sync generators
[NX v22.7.5 Daemon Server] - 2026-06-08T08:08:44.882Z - [SYNC]: project graph hash is the same, not collecting task sync generators
[NX v22.7.5 Daemon Server] - 2026-06-08T08:08:44.883Z - [SYNC]: nx.json hash is the same, not collecting global sync generators
[NX v22.7.5 Daemon Server] - 2026-06-08T08:08:44.888Z - Time taken for 'total execution time for createProjectGraph()' 488.64180000001215ms
[NX v22.7.5 Daemon Server] - 2026-06-08T08:08:44.888Z - Time taken for 'createDependencies' 391.73300000000745ms
[NX v22.7.5 Daemon Server] - 2026-06-08T08:08:44.888Z - Time taken for 'nx/js/dependencies-and-lockfile:createDependencies' 388.90810000000056ms
[NX v22.7.5 Daemon Server] - 2026-06-08T08:08:44.888Z - Time taken for 'createMetadata' 0.06429999999818392ms
[NX v22.7.5 Daemon Server] - 2026-06-08T08:08:44.888Z - Time taken for 'serialize graph' 20.763799999986077ms
[NX v22.7.5 Daemon Server] - 2026-06-08T08:08:51.143Z - Closed a connection. Number of open connections: 0
[NX v22.7.5 Daemon Server] - 2026-06-08T08:09:06.899Z - [LATEST-NX]: Successfully pulled latest Nx to C:\Users\toyos\AppData\Local\Temp\tmp-23260-SQ2tue3Z3rVM
[NX v22.7.5 Daemon Server] - 2026-06-08T08:09:06.949Z - [NX-CONSOLE]: Using local implementation (NX_USE_LOCAL=true or inner call)
DEBUG nx::native::ide::preferences: Loaded console preferences: NxConsolePreferences { auto_install_console: Some(true), path: "C:\\Users\\toyos\\.nx\\ide.json" }
DEBUG nx::native::ide::install: Detected editor: VSCode
DEBUG nx::native::ide::install: Checking if Nx Console extension is installed with: code.cmd --list-extensions
[NX v22.7.5 Daemon Server] - 2026-06-08T08:09:06.983Z - [AI-AGENTS]: Failed to compute agent configuration status from latest Nx. Error: Only URLs with a scheme in: file, data, and node are supported by the default ESM loader. On Windows, absolute paths must be valid file:// URLs. Received protocol 'c:'
[NX v22.7.5 Daemon Server] - 2026-06-08T08:09:06.984Z - [AI-AGENTS]: Agent configuration status computation completed: 0 fully configured, 0 outdated, 0 partially configured, 0 non-configured
DEBUG nx::native::ide::install: Nx Console extension is installed
[NX v22.7.5 Daemon Server] - 2026-06-08T08:09:11.040Z - [NX-CONSOLE]: Console status check completed, shouldPrompt: false
[NX v22.7.5 Daemon Server] - 2026-06-08T08:11:51.942Z - [WATCHER]: 0 file(s) created or restored, 0 file(s) modified, 9 file(s) deleted
[NX v22.7.5 Daemon Server] - 2026-06-08T08:11:51.945Z - [WATCHER]: File changes detected:
Created:
(none)
Updated:
(none)
Deleted:
  - apps/medicore-hms/eslint.config.mjs
  - apps/medicore-hms/project.json
  - apps/medicore-hms/tsconfig.spec.json
  - apps/medicore-hms/tsconfig.json
  - apps/medicore-hms/src/app/app.routes.ts
  - apps/medicore-hms
  - apps/medicore-hms/src/index.html
  - apps/medicore-hms/public/favicon.ico
  - apps/medicore-hms/tsconfig.app.json
[NX v22.7.5 Daemon Server] - 2026-06-08T08:11:51.946Z - [SYNC]: clearing sync generators cache due to file changes
[NX v22.7.5 Daemon Server] - 2026-06-08T08:11:51.947Z - [WATCHER]: Processing file changes in outputs
[NX v22.7.5 Daemon Server] - 2026-06-08T08:11:52.160Z - [REQUEST]: Updated workspace context based on watched changes, recomputing project graph...
[NX v22.7.5 Daemon Server] - 2026-06-08T08:11:52.161Z - [REQUEST]: 
[NX v22.7.5 Daemon Server] - 2026-06-08T08:11:52.161Z - [REQUEST]: apps/medicore-hms/eslint.config.mjs,apps/medicore-hms/project.json,apps/medicore-hms/tsconfig.spec.json,apps/medicore-hms/tsconfig.json,apps/medicore-hms/src/app/app.routes.ts,apps/medicore-hms,apps/medicore-hms/src/index.html,apps/medicore-hms/public/favicon.ico,apps/medicore-hms/tsconfig.app.json
[plugin-client] restarting worker for "nx/js/dependencies-and-lockfile"
[isolated-plugin] spawned worker for "nx/js/dependencies-and-lockfile" (pid: 15776, socket: \\.\pipe\nx\C:\Users\toyos\AppData\Local\Temp\plugin23260-6-325064.6531.sock)
[plugin-client] restarting worker for "nx/core/package-json"
[isolated-plugin] spawned worker for "nx/core/package-json" (pid: 20320, socket: \\.\pipe\nx\C:\Users\toyos\AppData\Local\Temp\plugin23260-7-325083.9907.sock)
[plugin-client] restarting worker for "nx/core/project-json"
[isolated-plugin] spawned worker for "nx/core/project-json" (pid: 8852, socket: \\.\pipe\nx\C:\Users\toyos\AppData\Local\Temp\plugin23260-8-325097.0313.sock)
[NX v22.7.5 Daemon Server] - 2026-06-08T08:11:52.211Z - Time taken for 'hash changed files from watcher' 4.886500000022352ms
[plugin-worker] "nx/core/project-json" (pid: 8852) listening on \\.\pipe\nx\C:\Users\toyos\AppData\Local\Temp\plugin23260-8-325097.0313.sock
[1m[33mTime taken for 'plugin worker 8852 code loading' 746.6096ms[39m[22m
[isolated-plugin] connected to worker for "nx/core/project-json" (pid: 8852)
[plugin-worker] "nx/core/project-json" (pid: 8852) connected
[plugin-worker] "nx/core/package-json" (pid: 20320) listening on \\.\pipe\nx\C:\Users\toyos\AppData\Local\Temp\plugin23260-7-325083.9907.sock
[plugin-worker] "nx/js/dependencies-and-lockfile" (pid: 15776) listening on \\.\pipe\nx\C:\Users\toyos\AppData\Local\Temp\plugin23260-6-325064.6531.sock
[1m[33mTime taken for 'plugin worker 15776 code loading' 788.5222ms[39m[22m
[NX v22.7.5 Daemon Server] - 2026-06-08T08:11:53.045Z - Time taken for 'start-plugin-worker:nx/core/project-json' 837.413899999985ms
[1m[33mTime taken for 'plugin worker 20320 code loading' 770.629ms[39m[22m
[isolated-plugin] connected to worker for "nx/js/dependencies-and-lockfile" (pid: 15776)
[isolated-plugin] connected to worker for "nx/core/package-json" (pid: 20320)
[plugin-worker] "nx/js/dependencies-and-lockfile" (pid: 15776) connected
[NX v22.7.5 Daemon Server] - 2026-06-08T08:11:53.068Z - Time taken for 'start-plugin-worker:nx/js/dependencies-and-lockfile' 896.0737999999546ms
[NX v22.7.5 Daemon Server] - 2026-06-08T08:11:53.068Z - Time taken for 'start-plugin-worker:nx/core/package-json' 877.9083000000101ms
[plugin-worker] "nx/core/package-json" (pid: 20320) connected
[NX v22.7.5 Daemon Server] - 2026-06-08T08:11:53.201Z - [WATCHER]: 0 file(s) created or restored, 0 file(s) modified, 0 file(s) deleted
[NX v22.7.5 Daemon Server] - 2026-06-08T08:11:53.605Z - [REQUEST]: Updated workspace context based on watched changes, recomputing project graph...
[NX v22.7.5 Daemon Server] - 2026-06-08T08:11:53.605Z - [REQUEST]: 
[NX v22.7.5 Daemon Server] - 2026-06-08T08:11:53.605Z - [REQUEST]: apps/medicore-hms/eslint.config.mjs,apps/medicore-hms/project.json,apps/medicore-hms/tsconfig.spec.json,apps/medicore-hms/tsconfig.json,apps/medicore-hms/src/app/app.routes.ts,apps/medicore-hms,apps/medicore-hms/src/index.html,apps/medicore-hms/public/favicon.ico,apps/medicore-hms/tsconfig.app.json
[NX v22.7.5 Daemon Server] - 2026-06-08T08:11:53.610Z - Time taken for 'hash changed files from watcher' 1.5038999999524094ms
[plugin-worker] "nx/core/project-json" (pid: 8852) loaded successfully
[1m[33mTime taken for 'nx/core/project-json:createNodes' 1.8483000000001084ms[39m[22m
[1m[33mTime taken for 'nx/core/project-json:createNodes' 2.3763000000001284ms[39m[22m
[isolated-plugin] shutting down worker for "nx/core/project-json" after createNodes
[plugin-worker] "nx/core/package-json" (pid: 20320) loaded successfully
[1m[33mTime taken for 'nx/core/package-json:createNodes' 12.213500000000067ms[39m[22m
[1m[33mTime taken for 'nx/core/package-json:createNodes' 12.928100000000086ms[39m[22m
[isolated-plugin] shutting down worker for "nx/core/package-json" after createNodes
[plugin-worker] "nx/js/dependencies-and-lockfile" (pid: 15776) loaded successfully
[1m[33mTime taken for 'nx/js/dependencies-and-lockfile:createNodes' 35.02710000000002ms[39m[22m
[1m[33mTime taken for 'nx/js/dependencies-and-lockfile:createNodes' 36.26690000000008ms[39m[22m
[NX v22.7.5 Daemon Server] - 2026-06-08T08:11:54.246Z - Time taken for 'build-project-configs' 590.2115999999805ms
[NX v22.7.5 Daemon Server] - 2026-06-08T08:11:54.246Z - Time taken for 'build-project-configs' 595.1977999999654ms
[NX v22.7.5 Daemon Server] - 2026-06-08T08:11:54.246Z - Time taken for 'createNodes:merge' 9.32730000000447ms
[NX v22.7.5 Daemon Server] - 2026-06-08T08:11:54.246Z - Time taken for 'createNodes:merge' 4.81070000003092ms
[NX v22.7.5 Daemon Server] - 2026-06-08T08:11:54.246Z - Time taken for 'native-file-deps' 0.030900000012479722ms
[NX v22.7.5 Daemon Server] - 2026-06-08T08:11:54.246Z - Time taken for 'get-workspace-files' 4.743699999991804ms
[NX v22.7.5 Daemon Server] - 2026-06-08T08:11:54.246Z - Time taken for 'get-all-workspace-files' 0.2540000000153668ms
[1m[33mTime taken for 'build typescript dependencies' 1517.5493000000001ms[39m[22m
[isolated-plugin] shutting down worker for "nx/js/dependencies-and-lockfile" after createDependencies
[NX v22.7.5 Daemon Server] - 2026-06-08T08:11:55.873Z - [SYNC]: collect registered sync generators
[NX v22.7.5 Daemon Server] - 2026-06-08T08:11:55.878Z - [SYNC]: nx.json hash is the same, not collecting global sync generators
[NX v22.7.5 Daemon Server] - 2026-06-08T08:11:55.878Z - [SYNC]: collect registered sync generators
[NX v22.7.5 Daemon Server] - 2026-06-08T08:11:55.880Z - [SYNC]: project graph hash is the same, not collecting task sync generators
[NX v22.7.5 Daemon Server] - 2026-06-08T08:11:55.882Z - [SYNC]: nx.json hash is the same, not collecting global sync generators
[NX v22.7.5 Daemon Server] - 2026-06-08T08:11:55.883Z - Time taken for 'total execution time for createProjectGraph()' 1647.6060999999754ms
[NX v22.7.5 Daemon Server] - 2026-06-08T08:11:55.884Z - Time taken for 'createDependencies' 1618.7565000000177ms
[NX v22.7.5 Daemon Server] - 2026-06-08T08:11:55.884Z - Time taken for 'nx/js/dependencies-and-lockfile:createDependencies' 1618.2638000000152ms
[NX v22.7.5 Daemon Server] - 2026-06-08T08:11:55.886Z - Time taken for 'createMetadata' 0.22690000000875443ms
[NX v22.7.5 Daemon Server] - 2026-06-08T08:11:55.886Z - Time taken for 'serialize graph' 14.124299999966752ms
[NX v22.7.5 Daemon Server] - 2026-06-08T12:51:30.296Z - [WATCHER]: Stopping the watcher for C:\Users\toyos\Medicore-HMS\medicore-hms (sources)
[NX v22.7.5 Daemon Server] - 2026-06-08T12:51:30.301Z - [WATCHER]: Stopping the watcher for C:\Users\toyos\Medicore-HMS\medicore-hms (outputs)
[NX v22.7.5 Daemon Server] - 2026-06-08T12:51:30.322Z - [LATEST-NX]: Cleaning up latest Nx installation from C:\Users\toyos\AppData\Local\Temp\tmp-23260-SQ2tue3Z3rVM
[NX v22.7.5 Daemon Server] - 2026-06-08T12:51:30.344Z - Server stopped because: "10800000ms of inactivity"
